batch,average_reward
0,107.6
1,73.2
2,70.6
3,88.4
4,84.4
5,92.2
6,98.4
7,67.2
8,82
9,66.4
10,87.2
11,87.2
12,78.2
13,89.6
14,91
15,67
16,87.4
17,88.2
18,103.4
19,106
20,90.2
21,76
22,150.4
23,91
24,60.2
25,90.8
26,152
27,112.2
28,111
29,114.2
30,77.6
31,87.2
32,87.2
33,93.4
34,80.8
35,89.6
36,83.2
37,83
38,92.2
39,123.6
40,106
41,104.4
42,80.4
43,113.2
44,91.6
45,123.8
46,109.2
47,76.2
48,61.8
49,114.4
50,78
51,81.2
52,82
53,101.6
54,106.6
55,88.4
56,81.4
57,110
58,129.2
59,87.4
60,147.8
61,108.6
62,85.6
63,132.6
64,88
65,104.6
66,128.4
67,90
68,110
69,89
70,109.4
71,100.8
72,89.8
73,122.4
74,125.6
75,129.6
76,82.4
77,107
78,134.2
79,136.2
80,103.2
81,85.4
82,148.8
83,116.4
84,97.4
85,105
86,100
87,99.8
88,113.2
89,92.6
90,142.8
91,68
92,123.8
93,106.2
94,78.6
95,103.4
96,163.4
97,113
98,123.8
99,102
100,106.2
101,129.8
102,106.2
103,72.6
104,113.4
105,91
106,158.6
107,98.4
108,127
109,154.6
110,196.4
111,125.2
112,154.2
113,91.4
114,112.2
115,99.4
116,116.2
117,104.8
118,92.2
119,110.4
120,147
121,110.2
122,134.6
123,130.4
124,112.4
125,140
126,143
127,208.8
128,120.6
129,102.6
130,175.2
131,115.4
132,86
133,115.8
134,154.4
135,160.8
136,114.6
137,166.2
138,107.2
139,144.8
140,171.8
141,127.2
142,123.2
143,160.4
144,137.4
145,140.2
146,124.6
147,132
148,166.6
149,124.4
150,148.2
151,122.8
152,112.2
153,161.8
154,124
155,217.6
156,130.2
157,128.6
158,133.4
159,169
160,129.8
161,164.2
162,138.4
163,162.6
164,141.6
165,191.2
166,146.4
167,131.2
168,187.2
169,123.6
170,117.4
171,104.4
172,213
173,217.4
174,102
175,217.6
176,145
177,138.4
178,121.2
179,198.4
180,166
181,162
182,123.2
183,119.4
184,147.8
185,144.6
186,132.6
187,126.4
188,182.6
189,89
190,167.8
191,135.8
192,142.4
193,151.8
194,187.6
195,163
196,125.8
197,182.6
198,140.8
199,222.2
200,210.2
201,189.4
202,137
203,176
204,153.2
205,159
206,218.4
207,296.8
208,170.2
209,180.4
210,188.2
211,142
212,181.2
213,130.4
214,156.2
215,165.8
216,224.8
217,143.8
218,190.4
219,300.6
220,230.2
221,238.8
222,148.4
223,197
224,156.8
225,162
226,214.4
227,176.6
228,146.6
229,179.6
230,223.4
231,152.6
232,131.2
233,149.4
234,212.2
235,175.2
236,216
237,191.8
238,264.8
239,164.4
240,243.4
241,190
242,147.4
243,203.2
244,196
245,174.8
246,159
247,200.2
248,211.2
249,167.6
250,214.8
251,210.2
252,145
253,181.4
254,218
255,151.6
256,198.2
257,239.2
258,248.8
259,228.4
260,264.8
261,277.2
262,292.4
263,190.4
264,207
265,215.4
266,167
267,278.8
268,286
269,275.4
270,209.6
271,311.8
272,234.2
273,181.4
274,191
275,254
276,294.8
277,256.4
278,144
279,261.2
280,229.2
281,194.4
282,189.4
283,204.6
284,242.4
285,309
286,217
287,232.8
288,204.6
289,260
290,234.6
291,200.8
292,219.2
293,189.8
294,239.8
295,203
296,159
297,200.6
298,197
299,226.8
300,212.2
301,178
302,219.2
303,254
304,238.2
305,245.4
306,194.6
307,211.2
308,240
309,173.2
310,201.6
311,240.2
312,211.6
313,245
314,237.2
315,231.2
316,175.6
317,271.4
318,263
319,217.4
320,318.4
321,196.2
322,230.4
323,172.4
324,204.4
325,222
326,189
327,208.8
328,224.8
329,261.6
330,211.2
331,192
332,284.4
333,250.2
334,277.6
335,195.2
336,252
337,243.2
338,220
339,221
340,216.8
341,299
342,280
343,166
344,192.4
345,265.6
346,172.8
347,197
348,213.8
349,329.8
350,180.6
351,211.8
352,190.8
353,286.4
354,219.4
355,273.8
356,202.6
357,188.8
358,184.6
359,215.4
360,205.4
361,203.8
362,267.4
363,238
364,214.2
365,216.4
366,193.8
367,263.6
368,205.8
369,276.4
370,214
371,259.6
372,277.4
373,234.8
374,248.6
375,302.2
376,227.6
377,300.4
378,235.2
379,272.6
380,270.6
381,237
382,239.4
383,254.6
384,276.4
385,243.8
386,210.8
387,263.2
388,205.2
389,380.2
390,224.6
391,241.4
392,238.4
393,274.6
394,256
395,213.8
396,219.2
397,242.8
398,222.2
399,236
400,248.4
401,224.2
402,265
403,179.8
404,245.6
405,213
406,199
407,334.6
408,246.6
409,255
410,235.6
411,247
412,217
413,182.4
414,261.8
415,205.8
416,282.6
417,184.8
418,230.4
419,209.2
420,237
421,218.4
422,270
423,234
424,286.6
425,300
426,235.8
427,291
428,272.8
429,296
430,245.6
431,232
432,324
433,198.8
434,286
435,256.8
436,349.6
437,219.6
438,209.8
439,231.4
440,324.2
441,188.6
442,235.2
443,230.8
444,273
445,269.6
446,283.8
447,253.2
448,221.6
449,235
450,232.4
451,208.4
452,228.2
453,186.8
454,259.4
455,264.4
456,244
457,185.6
458,257.2
459,272.4
460,245.4
461,242.6
462,243.2
463,322
464,226.4
465,226.6
466,227.4
467,223.2
468,290
469,221.2
470,300.4
471,236
472,233.2
473,357.2
474,224.2
475,270
476,234
477,203.4
478,255
479,304.2
480,233.6
481,247.8
482,274.6
483,293.6
484,244.4
485,240.2
486,184.4
487,168.2
488,278.6
489,271.2
490,254.4
491,243.8
492,245.2
493,254.6
494,302.6
495,240.2
496,281.4
497,240
498,212.8
499,303.8
500,277.6
501,289.6
502,275.2
503,239
504,292.6
505,203.6
506,242.8
507,251
508,327
509,280
510,215
511,263.6
512,238.8
513,261
514,227.8
515,250.4
516,240.6
517,261.4
518,272.2
519,305.4
520,257
521,293.4
522,216.4
523,184.8
524,323
525,325.6
526,339
527,302.4
528,258.4
529,253.8
530,236
531,293.4
532,256.8
533,267
534,279.4
535,259.4
536,220.8
537,333.8
538,295.2
539,313
540,235.4
541,294.6
542,232
543,319
544,256
545,253.2
546,321.6
547,227.4
548,317.4
549,225
550,267.6
551,321.2
552,240.6
553,253.6
554,223.4
555,307.4
556,255
557,286.2
558,235.8
559,353.2
560,269.2
561,255.2
562,269.6
563,238.6
564,358.6
565,186.2
566,268.8
567,265
568,209
569,274.4
570,256.2
571,257.2
572,273.4
573,290.6
574,195
575,232.8
576,216
577,198.2
578,271.2
579,185.2
580,245.6
581,276
582,311.6
583,208.6
584,265.8
585,194.8
586,296.4
587,338.2
588,269.4
589,278.8
590,248.8
591,301.8
592,252.4
593,265.2
594,253.2
595,235.4
596,234.8
597,223
598,323.8
599,264.2
600,314.6
601,203
602,208.6
603,282.8
604,344
605,265.6
606,229.4
607,248.6
608,256.2
609,288.6
610,274.6
611,274
612,217
613,329
614,345.6
615,286.2
616,270.8
617,271.6
618,327.8
619,282.4
620,299.8
621,213.2
622,291.2
623,253.4
624,267.2
625,284.6
626,279.8
627,323.6
628,332.6
629,239.4
630,258
631,227.4
632,272
633,213.8
634,260.6
635,332.8
636,227.2
637,300.6
638,256.2
639,231.4
640,260.8
641,278.2
642,231.4
643,268.2
644,324.6
645,319.6
646,287.8
647,221.2
648,240
649,223.2
650,293.4
651,316.8
652,246.8
653,321.2
654,237
655,268.6
656,262.2
657,316.4
658,264.8
659,245.8
660,268
661,271.4
662,265.4
663,291.2
664,311
665,245.4
666,269
667,291.8
668,257.6
669,330.2
670,334
671,261.8
672,260.6
673,351.6
674,350.6
675,248.6
676,249.4
677,245
678,206.2
679,273.8
680,241.4
681,277.4
682,249.8
683,291.6
684,266.6
685,261
686,365.8
687,257.8
688,274.2
689,176
690,254.6
691,209.2
692,218.2
693,238
694,369.8
695,235.8
696,379.2
697,239.6
698,213.6
699,234.4
700,305.8
701,261.2
702,293
703,299.4
704,223.4
705,220
706,295.8
707,365
708,195.4
709,291.6
710,272.4
711,246.8
712,264.4
713,270
714,220.6
715,288
716,284.6
717,271
718,313.4
719,235.2
720,325.4
721,266
722,354.6
723,226.4
724,226.2
725,300.4
726,237.6
727,360.2
728,264.4
729,254.8
730,284.4
731,294.4
732,260.4
733,311.6
734,267.4
735,219.8
736,305
737,226.6
738,236.2
739,262.6
740,292.2
741,297.2
742,282.8
743,320.4
744,261.2
745,255
746,256
747,191.2
748,292.2
749,299
750,212.8
751,253.2
752,339
753,228.6
754,312
755,288.4
756,293.8
757,357.4
758,270.6
759,294
760,236.2
761,232.4
762,267
763,289.8
764,238.6
765,197.2
766,257.4
767,292
768,249.6
769,362.8
770,328.4
771,282.2
772,269.6
773,307
774,329.8
775,291.8
776,245
777,272.8
778,297.4
779,269.2
780,298.8
781,267.2
782,274.6
783,304.8
784,237.8
785,305
786,295.2
787,210
788,256
789,313
790,314.8
791,229.2
792,244
793,346.4
794,230.8
795,284.8
796,269.2
797,251.4
798,213.6
799,232.6
800,266.4
801,312.2
802,236
803,292.6
804,260.4
805,302.8
806,248.6
807,309.4
808,300.2
809,276
810,215.6
811,280.6
812,287.6
813,295.6
814,256
815,222.2
816,325.2
817,352.6
818,228
819,302
820,266.8
821,257.4
822,226
823,248.2
824,279.2
825,262.4
826,232.4
827,253
828,260.4
829,332.8
830,308.4
831,285.4
832,304.4
833,296.4
834,294.8
835,294.6
836,229.4
837,255
838,323.4
839,291.4
840,280.6
841,225.2
842,251.2
843,263.2
844,328.8
845,278.2
846,332
847,296.6
848,278.8
849,392.4
850,372.8
851,228.2
852,309.4
853,310
854,266.8
855,189.8
856,310.2
857,270.2
858,362
859,274.4
860,284.8
861,257.2
862,238
863,303.8
864,289.4
865,256.8
866,319.6
867,350.2
868,297.8
869,259.4
870,275
871,248.8
872,274
873,248.6
874,295.8
875,279.4
876,341
877,351.8
878,325.4
879,327.6
880,258.6
881,285.8
882,239.6
883,297.2
884,237
885,276.2
886,227.4
887,281.2
888,233.8
889,237
890,300.4
891,324.4
892,281.8
893,270.4
894,293
895,253.2
896,271.6
897,291.4
898,229
899,247.4
900,365.8
901,330.4
902,222.6
903,265.8
904,276.6
905,255.6
906,259.6
907,312.4
908,243.4
909,238
910,325.4
911,233
912,243
913,300.4
914,310.6
915,260.8
916,286.4
917,347.6
918,275.4
919,309.4
920,299.2
921,312.6
922,286.8
923,334.6
924,303.6
925,281.4
926,280.8
927,280
928,263
929,269.8
930,274.2
931,296.2
932,293.2
933,273.4
934,323.2
935,255.4
936,288
937,315.4
938,273.4
939,303.2
940,318.8
941,328.2
942,291.2
943,274
944,290.2
945,227.8
946,321.6
947,273.2
948,272.8
949,270.4
950,231.8
951,326.4
952,317.8
953,269.4
954,344.8
955,264.4
956,273.2
957,322.8
958,310.8
959,302.2
960,237.6
961,289.4
962,293.2
963,281.2
964,282
965,247.4
966,353.4
967,287.2
968,220.4
969,337.2
970,196.6
971,332.6
972,234
973,286
974,301.4
975,239
976,270.6
977,324
978,250.2
979,271.4
980,283.4
981,271.2
982,284.8
983,210.2
984,299.8
985,304.4
986,311.4
987,245.6
988,289.6
989,267
990,260.6
991,275.6
992,285.8
993,338
994,344.6
995,271.4
996,284.4
997,236
998,340.4
999,238.4
1000,278.2
1001,289.4
1002,252.4
1003,272.2
1004,277.8
1005,389.8
1006,228.4
1007,336
1008,261
1009,332.4
1010,315.6
1011,282.4
1012,267.8
1013,264
1014,279
1015,247.8
1016,290.2
1017,280.4
1018,246.6
1019,331
1020,349.2
1021,337.8
1022,361.4
1023,363.8
1024,253
1025,276.2
1026,268.2
1027,256.4
1028,414.8
1029,299.6
1030,323.6
1031,354.8
1032,299.2
1033,265.2
1034,352.8
1035,392
1036,269
1037,319.8
1038,321
1039,242.2
1040,293.6
1041,276.8
1042,300.2
1043,298
1044,345.6
1045,199.6
1046,195.2
1047,360.8
1048,339.6
1049,268.4
1050,332.2
1051,234
1052,339.4
1053,312.4
1054,331.8
1055,319.4
1056,260
1057,258.8
1058,210.6
1059,388.2
1060,243.4
1061,257.2
1062,256.4
1063,285.8
1064,354.2
1065,249.6
1066,352
1067,265
1068,271
1069,260.8
1070,315.8
1071,322.2
1072,309.4
1073,254.2
1074,251.4
1075,278.8
1076,357.4
1077,263
1078,272
1079,232
1080,264
1081,355.6
1082,320.8
1083,330.4
1084,300.4
1085,305.4
1086,286.8
1087,224.4
1088,324.4
1089,285.4
1090,271
1091,308.2
1092,244.4
1093,230.6
1094,324.4
1095,273
1096,253.6
1097,273.8
1098,275.2
1099,296
1100,235
1101,322.4
1102,282.2
1103,204.6
1104,272.8
1105,241.6
1106,320.8
1107,250
1108,299.6
1109,323.2
1110,350.8
1111,261.6
1112,343.2
1113,342.6
1114,236
1115,294.2
1116,279
1117,282.8
1118,245.4
1119,331.4
1120,253.6
1121,279.4
1122,252.2
1123,270.6
1124,279.4
1125,295.8
1126,291.6
1127,350.8
1128,294
1129,235
1130,265.2
1131,260
1132,264
1133,231.6
1134,332.6
1135,251.2
1136,288.2
1137,275.6
1138,273
1139,296.8
1140,272
1141,290
1142,262.2
1143,261.2
1144,267.4
1145,307.8
1146,210.4
1147,259.4
1148,338.4
1149,331.2
1150,284
1151,288.6
1152,370.4
1153,316
1154,333
1155,373.8
1156,243.2
1157,248.8
1158,275.6
1159,236.8
1160,245
1161,230.6
1162,250.6
1163,320.8
1164,261.6
1165,326.2
1166,295.2
1167,299
1168,271
1169,264.6
1170,283.8
1171,251.2
1172,425.2
1173,256.2
1174,301.2
1175,315.8
1176,370.4
1177,221
1178,265.8
1179,285.6
1180,298.8
1181,331
1182,317.4
1183,307
1184,282.6
1185,270.2
1186,329
1187,343.8
1188,228.2
1189,330.6
1190,296.4
1191,284.6
1192,264.2
1193,278.2
1194,346.6
1195,265.6
1196,302.8
1197,241.6
1198,275.8
1199,307
1200,205
1201,346.2
1202,294.6
1203,264.8
1204,333.4
1205,310.4
1206,323.8
1207,265.2
1208,343.6
1209,360.6
1210,305.2
1211,290.8
1212,336
1213,250.6
1214,274.4
1215,355
1216,334.4
1217,359.6
1218,289.4
1219,338
1220,316.8
1221,259
1222,321.6
1223,323.8
1224,272.4
1225,354.2
1226,289
1227,331.8
1228,244.4
1229,275.6
1230,311
1231,355.4
1232,279.8
1233,397
1234,293.8
1235,245
1236,308.2
1237,370.4
1238,261
1239,302
1240,353.2
1241,357.6
1242,332.6
1243,270.4
1244,294.8
1245,257
1246,326.8
1247,302.6
1248,380.4
1249,323.2
1250,273.2
1251,291
1252,323.4
1253,341.4
1254,339.2
1255,261.6
1256,324.4
1257,326
1258,316
1259,358.4
1260,378.4
1261,274
1262,296.8
1263,282.8
1264,307.8
1265,295.6
1266,312.4
1267,298.8
1268,228.4
1269,295.8
1270,300.4
1271,339
1272,344.6
1273,308.2
1274,340.6
1275,339.4
1276,345.2
1277,278
1278,247.4
1279,264.2
1280,285.4
1281,329
1282,314.4
1283,283.4
1284,303.6
1285,286.2
1286,347.2
1287,431.6
1288,386.8
1289,330.2
1290,284.6
1291,293.4
1292,361.2
1293,373.4
1294,240.4
1295,293.4
1296,336.6
1297,294.8
1298,269.8
1299,298
1300,274.6
1301,258.6
1302,325.4
1303,292.4
1304,303.2
1305,306.2
1306,322.2
1307,294
1308,343.6
1309,280
1310,366.6
1311,253.8
1312,327.4
1313,358.4
1314,305.6
1315,334.2
1316,276
1317,315.8
1318,267
1319,363.4
1320,308.4
1321,257
1322,368.8
1323,290
1324,378.6
1325,362.2
1326,311.6
1327,312.4
1328,331.2
1329,291.4
1330,335.6
1331,384.6
1332,334.6
1333,325.8
1334,311.2
1335,281.4
1336,268.6
1337,265.8
1338,336
1339,313.4
1340,333.6
1341,303
1342,277.6
1343,375.2
1344,352.4
1345,389.8
1346,251.6
1347,326
1348,332
1349,399.2
1350,309.4
1351,385
1352,277.4
1353,325.4
1354,362
1355,356.6
1356,319.4
1357,301.8
1358,294
1359,468.6
1360,284
1361,298
1362,327
1363,302.4
1364,282.2
1365,275.2
1366,246.8
1367,347.6
1368,273.6
1369,292.8
1370,268.2
1371,315.2
1372,326.8
1373,363.2
1374,325.2
1375,265.8
1376,244
1377,232.2
1378,249
1379,325.2
1380,368
1381,353.8
1382,300.2
1383,376
1384,390.8
1385,322.6
1386,242.2
1387,255.2
1388,296.6
1389,259.6
1390,364.2
1391,287.4
1392,341.8
1393,306.2
1394,305.2
1395,292.2
1396,271.2
1397,279.2
1398,274
1399,257.8
1400,332.2
1401,270
1402,299.8
1403,269.6
1404,351
1405,362.4
1406,278.4
1407,331.2
1408,294.6
1409,286
1410,343.2
1411,299.2
1412,262.4
1413,298.8
1414,277.2
1415,292.4
1416,224.4
1417,312.8
1418,335.4
1419,289.8
1420,280.2
1421,309
1422,309.2
1423,294.4
1424,330.4
1425,284.2
1426,307.8
1427,299.6
1428,306.4
1429,393.8
1430,365.8
1431,224.2
1432,377
1433,343.6
1434,256.6
1435,286.2
1436,334.8
1437,306.2
1438,310.6
1439,269.6
1440,277.6
1441,284.2
1442,317.8
1443,284.2
1444,288.6
1445,313
1446,280.4
1447,322.4
1448,265.6
1449,244.6
1450,274.4
1451,294.6
1452,297
1453,301.8
1454,269
1455,323.2
1456,288.8
1457,335.8
1458,363
1459,300
1460,287.4
1461,326.2
1462,264.4
1463,276.2
1464,322
1465,349.8
1466,295.8
1467,262
1468,313
1469,309.6
1470,275.6
1471,285.4
1472,364
1473,307
1474,249
1475,317.4
1476,356.2
1477,254.4
1478,252
1479,401.8
1480,266.8
1481,302.2
1482,276.2
1483,319
1484,265.8
1485,296
1486,337.2
1487,380.6
1488,258.8
1489,339.8
1490,304.4
1491,275.4
1492,303.6
1493,320.8
1494,327
1495,309.8
1496,246
1497,336.6
1498,370
1499,286.8
1500,339
1501,283
1502,298.4
1503,280.4
1504,381.4
1505,304.2
1506,278.8
1507,289.8
1508,359
1509,354.6
1510,364.4
1511,307.2
1512,322.6
1513,303.6
1514,234.4
1515,255.4
1516,299.2
1517,272.8
1518,320.4
1519,251.4
1520,386
1521,344.4
1522,260.4
1523,397
1524,349.2
1525,340.8
1526,300.8
1527,351.6
1528,299.6
1529,321.6
1530,333.2
1531,310.8
1532,295.4
1533,259.8
1534,271
1535,294.4
1536,343.8
1537,269.6
1538,311
1539,350
1540,232.8
1541,340.6
1542,390.8
1543,336.8
1544,269.8
1545,298
1546,352.2
1547,357.8
1548,286.2
1549,344.6
1550,305.2
1551,274
1552,312.4
1553,330.8
1554,345.8
1555,281.6
1556,298.2
1557,344.8
1558,365.8
1559,245.4
1560,369
1561,323.2
1562,348.6
1563,301.8
1564,266.2
1565,356.8
1566,333.6
1567,279.4
1568,252.8
1569,240.8
1570,287.2
1571,431.8
1572,319.8
1573,223.2
1574,291.8
1575,346.4
1576,309
1577,398
1578,264.6
1579,310.2
1580,389.6
1581,346.8
1582,352.4
1583,285.2
1584,261.4
1585,372.2
1586,330
1587,317.8
1588,314.4
1589,271
1590,272.2
1591,319.8
1592,289.8
1593,260.8
1594,293
1595,386.8
1596,302.2
1597,337
1598,348
1599,281.8
1600,325.6
1601,372.6
1602,254.2
1603,299
1604,239.6
1605,260.4
1606,302
1607,285.6
1608,382.8
1609,296.2
1610,325.2
1611,322.2
1612,303.6
1613,245.2
1614,337.4
1615,273.4
1616,288.6
1617,314.6
1618,250.2
1619,340.2
1620,339.2
1621,342.2
1622,345.8
1623,404.2
1624,255.6
1625,247.4
1626,385.2
1627,304.8
1628,301
1629,307.6
1630,387.2
1631,355.4
1632,278.8
1633,249.6
1634,295.8
1635,340.8
1636,322.4
1637,316
1638,305.4
1639,268.4
1640,252
1641,263.6
1642,393.8
1643,365.4
1644,309.6
1645,265.6
1646,250.6
1647,336
1648,324.6
1649,330.8
1650,276.6
1651,282.4
1652,270.6
1653,309.8
1654,294.8
1655,274
1656,253
1657,295
1658,326.2
1659,310.4
1660,338.8
1661,318.2
1662,355.4
1663,348.2
1664,234
1665,352.6
1666,274.8
1667,289.4
1668,289.2
1669,291.8
1670,310.4
1671,300.6
1672,302.6
1673,298.6
1674,312.4
1675,304.8
1676,314.6
1677,265.6
1678,303.6
1679,312.6
1680,243
1681,366.4
1682,261.6
1683,347.2
1684,247.6
1685,305.2
1686,290.4
1687,320.2
1688,256.4
1689,328.4
1690,342.2
1691,347.6
1692,279.8
1693,298.6
1694,450.6
1695,287
1696,432.2
1697,365.8
1698,385.2
1699,327.8
1700,347.8
1701,282
1702,293.8
1703,271.6
1704,330.8
1705,290.2
1706,256.8
1707,265.8
1708,286.2
1709,273.4
1710,357.2
1711,361.4
1712,301
1713,292.6
1714,360.2
1715,293.2
1716,341.6
1717,350.4
1718,277.8
1719,312.8
1720,376.6
1721,359.8
1722,391.2
1723,295.8
1724,254
1725,347.8
1726,351.8
1727,312.8
1728,285.8
1729,343.4
1730,286.8
1731,311.4
1732,320.4
1733,343.2
1734,339
1735,289.6
1736,351.6
1737,294.4
1738,347.4
1739,334.2
1740,260.8
1741,393.8
1742,327.2
1743,277.6
1744,258.8
1745,241.8
1746,345
1747,338.2
1748,294.4
1749,286
1750,326.2
1751,263.2
1752,337.6
1753,289.2
1754,313.6
1755,252
1756,266.8
1757,287.8
1758,288.8
1759,256.2
1760,342.2
1761,248.4
1762,280.6
1763,363.2
1764,288.4
1765,407.4
1766,323.4
1767,372.4
1768,268.8
1769,269.2
1770,311.6
1771,303.4
1772,232.2
1773,358.4
1774,267.4
1775,343
1776,283.8
1777,337
1778,391.2
1779,276.2
1780,370.2
1781,406.4
1782,357.8
1783,266.6
1784,252.8
1785,331.2
1786,227.4
1787,387
1788,348.6
1789,320.4
1790,313.2
1791,294
1792,306
1793,303.8
1794,372.4
1795,368
1796,368.2
1797,254.8
1798,263.8
1799,307
1800,259.4
1801,305.2
1802,285.4
1803,399
1804,299
1805,307.8
1806,308
1807,324
1808,434.4
1809,287.4
1810,308.4
1811,279.8
1812,391.2
1813,368.2
1814,337.4
1815,392.6
1816,352.8
1817,314.4
1818,390.6
1819,330.4
1820,358
1821,325.6
1822,447
1823,269.8
1824,302
1825,369.4
1826,232.6
1827,281.2
1828,373.8
1829,400.8
1830,370.8
1831,343.8
1832,340.6
1833,358.2
1834,325.2
1835,281.6
1836,344.2
1837,304.8
1838,276.6
1839,300.6
1840,262.6
1841,285.8
1842,397
1843,300
1844,305.6
1845,299.8
1846,270.4
1847,276
1848,318.8
1849,285.8
1850,384
1851,347.8
1852,307
1853,377.8
1854,265.8
1855,287.8
1856,341.4
1857,301.4
1858,327.2
1859,322.4
1860,325.2
1861,302
1862,305
1863,367.4
1864,276.2
1865,317
1866,291
1867,380.2
1868,304.8
1869,344.6
1870,290.8
1871,325
1872,364.6
1873,295
1874,258.6
1875,405.4
1876,298.6
1877,275.6
1878,326.6
1879,298.6
1880,323.6
1881,367.2
1882,327.2
1883,327.6
1884,288
1885,314.4
1886,257
1887,348.6
1888,372.6
1889,427.8
1890,324
1891,331
1892,288.4
1893,389.8
1894,301.2
1895,312.8
1896,323
1897,281.8
1898,298
1899,354.4
1900,338
1901,347
1902,369
1903,280.8
1904,409.8
1905,463
1906,333.6
1907,258.8
1908,298.6
1909,332.6
1910,345.8
1911,326.8
1912,236
1913,297.2
1914,339.8
1915,322.6
1916,327.6
1917,342.8
1918,370
1919,345.6
1920,278.8
1921,364.2
1922,335
1923,290.6
1924,371.6
1925,270
1926,323
1927,322.4
1928,314.2
1929,276.2
1930,280
1931,255.2
1932,346
1933,267
1934,278.4
1935,306.2
1936,367.4
1937,332
1938,281.2
1939,288.8
1940,310.4
1941,363.6
1942,345.8
1943,302
1944,314.4
1945,272.8
1946,302.2
1947,344
1948,343.4
1949,382.2
1950,324.6
1951,274
1952,404.8
1953,268.4
1954,376.8
1955,349
1956,304.6
1957,267
1958,341
1959,402
1960,337.2
1961,340.4
1962,384
1963,259.6
1964,352.2
1965,271.4
1966,237
1967,423.4
1968,355.8
1969,318.6
1970,284.6
1971,353.4
1972,378.4
1973,316.8
1974,287
1975,296.2
1976,395
1977,343
1978,316.4
1979,370.8
1980,266
1981,317.4
1982,349.6
1983,226.4
1984,357.4
1985,258.4
1986,345.6
1987,325.6
1988,292.4
1989,347.2
1990,335.8
1991,387
1992,274.2
1993,319.8
1994,332
1995,378.2
1996,259.6
1997,364.6
1998,284.4
1999,346.4
2000,359.4
2001,324.8
2002,288.8
2003,314.6
2004,308.8
2005,285
2006,265
2007,326
2008,299.4
2009,385.8
2010,367.8
2011,303.8
2012,293.4
2013,405.4
2014,328
2015,315.8
2016,366
2017,320.2
2018,358.6
2019,336
2020,297.4
2021,319.2
2022,298.2
2023,371.8
2024,363
2025,271.4
2026,349.6
2027,344.6
2028,361.8
2029,281.6
2030,358.2
2031,262.8
2032,328.6
2033,300.4
2034,339
2035,246
2036,293.4
2037,318.8
2038,312.6
2039,355.8
2040,377.8
2041,329.6
2042,337.4
2043,323
2044,322.8
2045,400.2
2046,273.8
2047,301
2048,307
2049,339.8
2050,320.8
2051,369.8
2052,339
2053,389.4
2054,409.4
2055,361.2
2056,324.8
2057,271
2058,366.2
2059,384.6
2060,305.2
2061,421
2062,285.8
2063,377.6
2064,336.4
2065,299.4
2066,326.4
2067,291.6
2068,329.6
2069,272
2070,307.8
2071,350.2
2072,371
2073,287.6
2074,375.8
2075,333.6
2076,389
2077,309
2078,334
2079,315.8
2080,383.2
2081,371
2082,415.2
2083,232
2084,335
2085,356
2086,243
2087,374.8
2088,362.6
2089,269
2090,325.4
2091,276.2
2092,266.4
2093,305.2
2094,256.8
2095,305.6
2096,374.6
2097,303.4
2098,370.2
2099,305
2100,327
2101,310.8
2102,258.4
2103,279.6
2104,305.8
2105,347
2106,283.4
2107,324.4
2108,357
2109,347.4
2110,311.2
2111,295.4
2112,282.4
2113,361
2114,238.2
2115,307.2
2116,308.2
2117,313.8
2118,295.8
2119,289.2
2120,322.4
2121,329.6
2122,364.2
2123,381.4
2124,367.4
2125,398.6
2126,343.2
2127,328
2128,269.2
2129,292.4
2130,308.6
2131,353
2132,301.4
2133,309
2134,314.6
2135,396
2136,316.6
2137,274.8
2138,327.8
2139,258.2
2140,252
2141,394
2142,371.2
2143,327.4
2144,385.2
2145,285.2
2146,284.2
2147,325.6
2148,396.8
2149,365
2150,352.8
2151,313
2152,349
2153,371.8
2154,317
2155,339
2156,322.4
2157,259.2
2158,303.2
2159,374.2
2160,312.2
2161,350.2
2162,367.2
2163,367.6
2164,298.4
2165,365.8
2166,291.6
2167,255
2168,420.8
2169,314.4
2170,225
2171,272.4
2172,317.4
2173,281.8
2174,354.8
2175,326.6
2176,319.2
2177,363
2178,376.6
2179,322.8
2180,321.6
2181,308
2182,332.4
2183,343.4
2184,370.2
2185,262.8
2186,344.2
2187,376.4
2188,231.8
2189,281.6
2190,242.2
2191,300.2
2192,380.6
2193,375
2194,327.2
2195,374.8
2196,351.2
2197,360.2
2198,320
2199,346
2200,320.4
2201,336.2
2202,413.8
2203,276.2
2204,310.6
2205,290.8
2206,367
2207,341.4
2208,317.4
2209,271.4
2210,402.4
2211,292.6
2212,302
2213,364
2214,326.2
2215,420
2216,313.6
2217,375
2218,293.8
2219,358.2
2220,281
2221,362.2
2222,254.8
2223,374.2
2224,304.2
2225,427
2226,344.8
2227,302.4
2228,390.4
2229,409
2230,273
2231,316.4
2232,316.6
2233,329.4
2234,391.4
2235,482.8
2236,298.2
2237,370
2238,329
2239,335.8
2240,372.2
2241,359.8
2242,344.8
2243,315.6
2244,345.2
2245,345
2246,320.6
2247,404.2
2248,308.8
2249,349
2250,292.6
2251,362.8
2252,424.4
2253,350.8
2254,360
2255,304.8
2256,274.6
2257,255.2
2258,319.6
2259,316.4
2260,317.4
2261,266.6
2262,308
2263,372.6
2264,230.2
2265,340.4
2266,284
2267,322.2
2268,309.8
2269,299
2270,310.4
2271,315.4
2272,231.8
2273,334.6
2274,274.8
2275,202.8
2276,230.6
2277,280.6
2278,250.2
2279,297.6
2280,307.2
2281,272.4
2282,293.6
2283,256.4
2284,307.8
2285,234.2
2286,223.4
2287,339.4
2288,264.2
2289,252
2290,300.4
2291,269
2292,336.4
2293,272.6
2294,223.4
2295,302.6
2296,285.8
2297,258.6
2298,311.6
2299,281.6
2300,328.8
2301,325.2
2302,333.4
2303,313.8
2304,270.8
2305,257.6
2306,274.2
2307,320.4
2308,412
2309,381.8
2310,323.6
2311,291.4
2312,340.6
2313,284.8
2314,292.2
2315,311.6
2316,348
2317,272.6
2318,323.6
2319,367.6
2320,350.4
2321,412
2322,399.2
2323,262.6
2324,358
2325,277
2326,316.4
2327,383.2
2328,369.4
2329,350.4
2330,278.2
2331,342.6
2332,312.8
2333,381.2
2334,329.4
2335,303.2
2336,326.4
2337,403.8
2338,341.4
2339,318.4
2340,296.6
2341,382.2
2342,302.4
2343,350.6
2344,237.2
2345,366.2
2346,239.4
2347,313
2348,312
2349,304
2350,431
2351,269.8
2352,300.2
2353,305
2354,323.4
2355,348
2356,377.4
2357,343.4
2358,315.8
2359,316.4
2360,288.4
2361,351
2362,332.4
2363,265
2364,330.4
2365,288
2366,285.4
2367,326
2368,278.6
2369,383.6
2370,335.4
2371,259.6
2372,370.8
2373,332
2374,290
2375,235.8
2376,322.4
2377,314.6
2378,310.6
2379,339
2380,244.6
2381,244.4
2382,249.2
2383,253
2384,273.4
2385,242.2
2386,282.2
2387,313.6
2388,300
2389,263.8
2390,282.4
2391,285
2392,303.6
2393,346.4
2394,338.6
2395,356.4
2396,319
2397,328
2398,242.8
2399,279.6
2400,311
2401,275.6
2402,251.8
2403,292.8
2404,368.4
2405,250.6
2406,287.2
2407,272
2408,308.8
2409,371.4
2410,374.2
2411,281
2412,274.2
2413,331
2414,334.4
2415,305.4
2416,325.2
2417,346.6
2418,238.2
2419,340.2
2420,268.6
2421,287.8
2422,296.4
2423,363
2424,281.6
2425,264.8
2426,458.4
2427,351.8
2428,251.8
2429,299.6
2430,304
2431,300.8
2432,317
2433,304.2
2434,363.6
2435,261.6
2436,345.2
2437,332.6
2438,316.2
2439,379.8
2440,357.8
2441,279.6
2442,258
2443,294.8
2444,268.2
2445,343
2446,241.6
2447,301.6
2448,256.4
2449,399
2450,308.4
2451,284.2
2452,292.8
2453,398.6
2454,300
2455,304.8
2456,323.2
2457,290.6
2458,310.2
2459,317.6
2460,286.8
2461,246.6
2462,256.6
2463,289.4
2464,366.2
2465,290.4
2466,311.6
2467,337.6
2468,326.2
2469,333.2
2470,288.4
2471,320.2
2472,376.4
2473,357.4
2474,356.8
2475,372.6
2476,293.6
2477,306
2478,322.6
2479,317
2480,225.8
2481,274.6
2482,326.8
2483,278
2484,263.6
2485,290.2
2486,308.2
2487,326.2
2488,352.6
2489,326.6
2490,354.4
2491,378
2492,312
2493,395
2494,287.8
2495,277.6
2496,266.8
2497,406.8
2498,303.4
2499,388.2
2500,321
2501,317.6
2502,320.4
2503,303.2
2504,320.6
2505,318
2506,405.2
2507,295.6
2508,317.8
2509,313.6
2510,391
2511,314.6
2512,323.4
2513,327.6
2514,298
2515,394.8
2516,361.8
2517,291.2
2518,328.6
2519,266
2520,319.8
2521,275.4
2522,342.4
2523,315.2
2524,398.4
2525,355.6
2526,338.8
2527,446.8
2528,311.8
2529,401.8
2530,308.8
2531,255.8
2532,343.8
2533,362
2534,320
2535,402.4
2536,304.4
2537,313
2538,328.4
2539,308.8
2540,396
2541,396.6
2542,369.8
2543,344
2544,337.8
2545,386
2546,271.4
2547,327.2
2548,311.8
2549,278.2
2550,315.2
2551,289.6
2552,267.2
2553,271.8
2554,366.8
2555,283
2556,315.2
2557,277
2558,297
2559,403.6
2560,303.2
2561,377.2
2562,389.6
2563,368.2
2564,266.6
2565,323.4
2566,416.8
2567,350.6
2568,307
2569,314.4
2570,343.8
2571,384.4
2572,295
2573,303.2
2574,423.4
2575,283.2
2576,290.2
2577,340.2
2578,325
2579,387.6
2580,356.4
2581,321.6
2582,363.2
2583,332.2
2584,305.4
2585,361.8
2586,359.6
2587,368.6
2588,373.2
2589,329
2590,365.6
2591,316.6
2592,311.6
2593,331.8
2594,302
2595,316.6
2596,358.4
2597,349.8
2598,321.6
2599,268
2600,396.6
2601,260.6
2602,259
2603,375
2604,343.6
2605,350.4
2606,350
2607,333.6
2608,403.4
2609,260.8
2610,360.4
2611,281.6
2612,401
2613,343
2614,370.2
2615,326.8
2616,335.2
2617,351.2
2618,331.4
2619,306.6
2620,330.6
2621,321.8
2622,355.2
2623,311.8
2624,358.8
2625,251.2
2626,392.6
2627,381
2628,376.2
2629,338.8
2630,308.2
2631,392.8
2632,360.2
2633,293.8
2634,394.6
2635,342.4
2636,376.8
2637,285.4
2638,308.4
2639,251
2640,321
2641,267.6
2642,396.2
2643,351
2644,362
2645,235.6
2646,330.8
2647,335.8
2648,345.6
2649,243.6
2650,349
2651,366.2
2652,315.2
2653,300.4
2654,376.6
2655,319.6
2656,314.2
2657,317.4
2658,312.8
2659,319.4
2660,290.6
2661,315.2
2662,300.6
2663,413.4
2664,330.6
2665,325.4
2666,359.8
2667,301.2
2668,346
2669,347.8
2670,373.2
2671,244
2672,352.8
2673,327.8
2674,341.8
2675,278.6
2676,412.2
2677,306.4
2678,267.8
2679,359
2680,350
2681,407.6
2682,350.6
2683,299.2
2684,320
2685,364.6
2686,289.6
2687,406.6
2688,342.6
2689,308.8
2690,438
2691,383.4
2692,344.4
2693,347
2694,348
2695,246.8
2696,311.4
2697,327.2
2698,306.8
2699,389.6
2700,351.2
2701,335.8
2702,262.6
2703,327.6
2704,279.6
2705,365.2
2706,396.2
2707,339.6
2708,248
2709,321.4
2710,380.4
2711,311
2712,331.8
2713,369.8
2714,270.8
2715,384.6
2716,336.2
2717,283.6
2718,363.2
2719,337.6
2720,403.2
2721,294
2722,292.4
2723,426.2
2724,309.2
2725,384.6
2726,353.8
2727,396.2
2728,316
2729,354
2730,353
2731,304.2
2732,351
2733,385.8
2734,326.4
2735,360.4
2736,386.6
2737,313
2738,328.8
2739,378.6
2740,330.2
2741,328.4
2742,366.2
2743,340
2744,326.8
2745,249.2
2746,287
2747,375.4
2748,373.8
2749,403.8
2750,374.2
2751,323.6
2752,278.4
2753,338.8
2754,323
2755,373
2756,348.2
2757,426.2
2758,320.2
2759,398.4
2760,318.2
2761,341.8
2762,377.6
2763,346.6
2764,359.6
2765,302.6
2766,360
2767,333.8
2768,332
2769,306.4
2770,351.8
2771,342.6
2772,379.8
2773,282.8
2774,315
2775,425.6
2776,375.6
2777,299
2778,318
2779,428.2
2780,429.8
2781,384.8
2782,271
2783,341.6
2784,342.4
2785,308
2786,344.6
2787,287.4
2788,302.8
2789,273
2790,299.2
2791,290.8
2792,327.6
2793,357.6
2794,255.6
2795,261.4
2796,284.2
2797,321.6
2798,328
2799,297.2
2800,299.2
2801,307.4
2802,325.4
2803,295
2804,319.6
2805,307.4
2806,355
2807,353.6
2808,319.4
2809,329.8
2810,295
2811,399.2
2812,368.6
2813,316.6
2814,342.6
2815,323.2
2816,271.4
2817,240.8
2818,313
2819,332.6
2820,285.8
2821,230.2
2822,324
2823,314
2824,339.6
2825,382.6
2826,366.8
2827,368.2
2828,291.2
2829,365.8
2830,347.2
2831,266.2
2832,398
2833,249.6
2834,342
2835,342.6
2836,399
2837,371.4
2838,259.2
2839,328
2840,309
2841,251.8
2842,257.4
2843,345
2844,275.6
2845,350.4
2846,258
2847,300.4
2848,360
2849,482.8
2850,356.6
2851,372.8
2852,347.8
2853,340.4
2854,346.6
2855,328
2856,341.2
2857,355.4
2858,270.6
2859,440.8
2860,412.6
2861,305.4
2862,413.4
2863,364.2
2864,347.2
2865,274.4
2866,348
2867,332
2868,281.6
2869,325.8
2870,463.6
2871,384.4
2872,326.4
2873,374.6
2874,344.2
2875,328.4
2876,347
2877,289
2878,338.8
2879,313.4
2880,361.4
2881,414.6
2882,273.6
2883,352.8
2884,333.8
2885,446.2
2886,344.2
2887,350
2888,420
2889,340.6
2890,364.6
2891,380.4
2892,330.6
2893,337.4
2894,339.4
2895,257.8
2896,350.4
2897,292.6
2898,343.6
2899,338.8
2900,335.8
2901,358.2
2902,266.4
2903,342
2904,390.6
2905,355.6
2906,332.6
2907,369.4
2908,346
2909,272.4
2910,307.8
2911,300.4
2912,412.6
2913,346.4
2914,308.4
2915,358.4
2916,267.2
2917,332
2918,381.4
2919,280.6
2920,307.8
2921,433.6
2922,347
2923,284.4
2924,339.8
2925,399.6
2926,356.6
2927,297.8
2928,292.4
2929,287.8
2930,276.4
2931,394.2
2932,274.4
2933,409.2
2934,385.6
2935,368.4
2936,359.4
2937,317.2
2938,457.4
2939,421.6
2940,363
2941,299.4
2942,339
2943,339.6
2944,368.2
2945,360.8
2946,431.2
2947,319.4
2948,384.2
2949,362
2950,424.4
2951,353.4
2952,418.8
2953,304.8
2954,416.4
2955,401
2956,371.8
2957,308.4
2958,306.8
2959,310.8
2960,411
2961,347.4
2962,358.4
2963,356.8
2964,325.6
2965,292.4
2966,297
2967,369.2
2968,308.8
2969,322.2
2970,382.6
2971,378.8
2972,395.4
2973,311.6
2974,373.4
2975,247.4
2976,371.4
2977,335.4
2978,316
2979,329.8
2980,299.4
2981,399.2
2982,443.4
2983,325
2984,388.4
2985,375.4
2986,315.8
2987,363.2
2988,405.6
2989,341.2
2990,347
2991,323.4
2992,376.6
2993,373
2994,295.4
2995,287
2996,317.4
2997,436.4
2998,262.6
2999,365.8
3000,361
3001,293.2
3002,309.6
3003,344.4
3004,317.6
3005,358
3006,278.4
3007,360.8
3008,327.2
3009,341.8
3010,380.6
3011,334.8
3012,407.4
3013,430.6
3014,334
3015,371.8
3016,393.4
3017,376.4
3018,374.2
3019,357.4
3020,350.6
3021,325.2
3022,339
3023,312.2
3024,347.2
3025,314.4
3026,284.2
3027,328.2
3028,323.8
3029,367
3030,349.2
3031,345.2
3032,402.4
3033,329
3034,277.8
3035,332.6
3036,317.2
3037,391.4
3038,325
3039,383.4
3040,335.6
3041,305.6
3042,272.4
3043,303.8
3044,332.2
3045,290.4
3046,294.2
3047,334.4
3048,280
3049,323
3050,269.8
3051,264.4
3052,284.8
3053,311.8
3054,345.4
3055,274
3056,244.6
3057,276.2
3058,292
3059,335.2
3060,342.2
3061,317.6
3062,295
3063,300.4
3064,339.4
3065,423.4
3066,356.2
3067,346.8
3068,320.2
3069,332.4
3070,325.8
3071,343.4
3072,375.8
3073,403
3074,430.8
3075,319.4
3076,281
3077,349.4
3078,314
3079,325.6
3080,345.6
3081,311.8
3082,364
3083,417.2
3084,353.8
3085,302.4
3086,371.4
3087,258.2
3088,381.6
3089,383.2
3090,414
3091,288.2
3092,393.2
3093,380.8
3094,353.6
3095,367.2
3096,366.4
3097,258.4
3098,382
3099,260
3100,318.6
3101,468.4
3102,320.8
3103,361.6
3104,462
3105,386.2
3106,379.6
3107,305
3108,417.2
3109,354.6
3110,366.2
3111,360.8
3112,434.6
3113,348.2
3114,428.2
3115,380.2
3116,284
3117,398.8
3118,395.4
3119,376.6
3120,363.2
3121,362.4
3122,358.2
3123,410.4
3124,324.8
3125,485.2
3126,362.4
3127,454.2
3128,368.4
3129,403.6
3130,357.2
3131,414.8
3132,368.6
3133,449.8
3134,318.6
3135,391.6
3136,262.4
3137,375.4
3138,415.6
3139,362
3140,375
3141,395
3142,369.4
3143,374
3144,370.2
3145,391.4
3146,375.2
3147,445.6
3148,400.6
3149,450.4
3150,312.4
3151,437.6
3152,396
3153,268.2
3154,345.8
3155,425
3156,449.4
3157,360.2
3158,402.8
3159,340.2
3160,388
3161,425
3162,345.8
3163,436.4
3164,379.2
3165,358.6
3166,480.8
3167,433.8
3168,363.8
3169,359.2
3170,386.2
3171,348.8
3172,393.4
3173,455.4
3174,333.4
3175,334.6
3176,413.6
3177,431.2
3178,372
3179,405.4
3180,413
3181,351
3182,362.4
3183,418
3184,279.4
3185,370.8
3186,403.4
3187,291.4
3188,352.8
3189,456
3190,315.6
3191,322.6
3192,299.6
3193,363.6
3194,293.2
3195,466.4
3196,379.2
3197,328
3198,425
3199,420.6
3200,303.4
3201,399.8
3202,398.2
3203,357.6
3204,332.2
3205,370.8
3206,378.4
3207,393.2
3208,313.4
3209,471.6
3210,380
3211,405.2
3212,347.4
3213,441.8
3214,411.2
3215,400
3216,419.6
3217,456.4
3218,340.8
3219,397.6
3220,381
3221,367
3222,358.2
3223,417.2
3224,349.4
3225,393
3226,442.8
3227,334.6
3228,367.8
3229,416.6
3230,426.8
3231,332.8
3232,398
3233,457.4
3234,416.8
3235,439.8
3236,406.8
3237,368.4
3238,335
3239,407.8
3240,377.2
3241,378.4
3242,377.6
3243,388
3244,418.6
3245,430.6
3246,420.6
3247,400.8
3248,331.4
3249,348.4
3250,384.2
3251,307.2
3252,358.2
3253,365.2
3254,455
3255,338.4
3256,347.4
3257,363.8
3258,382.4
3259,328.8
3260,420.4
3261,466.6
3262,308.6
3263,383.6
3264,318.8
3265,355
3266,418.2
3267,411.8
3268,433
3269,413.4
3270,302
3271,351.2
3272,365.2
3273,405.2
3274,356.4
3275,397.4
3276,462.6
3277,300.8
3278,307.8
3279,325.8
3280,325.4
3281,340.2
3282,274.2
3283,346.8
3284,301.4
3285,324.2
3286,288.6
3287,332.6
3288,347.8
3289,294.2
3290,333
3291,268.4
3292,324.6
3293,364.8
3294,265.4
3295,382.2
3296,370
3297,327.8
3298,347.8
3299,332.6
3300,355.8
3301,338
3302,315.8
3303,285.6
3304,429.2
3305,351.6
3306,383.6
3307,451.6
3308,392.8
3309,404.6
3310,395.4
3311,359
3312,318
3313,306.8
3314,334.6
3315,375.6
3316,464.4
3317,389.4
3318,404.2
3319,356.6
3320,393.4
3321,399.6
3322,339.2
3323,405.6
3324,351.4
3325,419.8
3326,357
3327,410.2
3328,353.8
3329,409.6
3330,469.6
3331,435.6
3332,460.4
3333,399.2
3334,346.6
3335,369.6
3336,370
3337,448.4
3338,412.6
3339,387.6
3340,431
3341,383.8
3342,393.6
3343,364.2
3344,303.4
3345,375.2
3346,395
3347,394.8
3348,359.8
3349,316.2
3350,434.8
3351,417.4
3352,370.8
3353,335.4
3354,389
3355,454.6
3356,361.6
3357,375.2
3358,394
3359,478.8
3360,373.4
3361,431.8
3362,332.2
3363,366.2
3364,348.6
3365,376.8
3366,410.2
3367,388.2
3368,323.2
3369,422
3370,452.2
3371,355.6
3372,402.6
3373,429
3374,404.2
3375,426
3376,389.4
3377,399.6
3378,437.4
3379,412.6
3380,408
3381,399.8
3382,424.6
3383,440
3384,266.6
3385,392.4
3386,416.4
3387,423.8
3388,376
3389,425.2
3390,377.4
3391,312.6
3392,391.4
3393,444.6
3394,342.8
3395,353.2
3396,325.4
3397,371.8
3398,353.6
3399,382.2
3400,457.4
3401,339.4
3402,366
3403,423.8
3404,382.8
3405,448.8
3406,314.6
3407,388.6
3408,443.4
3409,435
3410,408
3411,500
3412,409.4
3413,405.8
3414,347.4
3415,366.8
3416,386
3417,399.8
3418,405.2
3419,425.4
3420,500
3421,347
3422,326.6
3423,334.6
3424,396
3425,406
3426,446.6
3427,398.8
3428,299.8
3429,285.8
3430,407.8
3431,350.6
3432,412.2
3433,414
3434,408.6
3435,394.6
3436,392.6
3437,387.2
3438,447
3439,425.2
3440,392.8
3441,419
3442,434.2
3443,395.4
3444,314.6
3445,359.6
3446,392.8
3447,361.2
3448,330.6
3449,448.2
3450,399
3451,434
3452,418.8
3453,457.2
3454,442.4
3455,365.8
3456,445.4
3457,417.2
3458,424.6
3459,304.4
3460,392.8
3461,371.4
3462,434
3463,332
3464,334.6
3465,380.2
3466,444
3467,434
3468,422.4
3469,407
3470,372
3471,456.8
3472,469.8
3473,401
3474,326.6
3475,408.8
3476,362
3477,323.4
3478,393.2
3479,458.8
3480,374
3481,405
3482,370.2
3483,374.8
3484,381.4
3485,500
3486,402.6
3487,473.8
3488,446
3489,306.2
3490,404
3491,441
3492,355.4
3493,364.8
3494,359.2
3495,498.2
3496,480
3497,336.4
3498,383.6
3499,308.2
3500,411.8
3501,466.6
3502,403.6
3503,415.4
3504,352.6
3505,364.4
3506,397.8
3507,394.6
3508,317.6
3509,354
3510,334.4
3511,426.4
3512,412
3513,438.2
3514,449.4
3515,427.2
3516,458.2
3517,430.6
3518,351.4
3519,439.6
3520,314
3521,415.2
3522,460
3523,404.4
3524,450.6
3525,399.8
3526,407.8
3527,433.4
3528,462.8
3529,486.6
3530,460.8
3531,432
3532,348.2
3533,358.8
3534,398.8
3535,481.2
3536,390.8
3537,376.4
3538,410
3539,407
3540,402.6
3541,381.6
3542,435
3543,402.4
3544,346
3545,394.8
3546,384.8
3547,439.8
3548,376.4
3549,376.6
3550,400.8
3551,369.6
3552,436
3553,331.4
3554,376.4
3555,297
3556,413.2
3557,440.6
3558,409.8
3559,399.6
3560,438.4
3561,322.8
3562,403.8
3563,445.8
3564,429
3565,467.4
3566,437
3567,398.8
3568,416.8
3569,376.4
3570,457.8
3571,426.6
3572,401.2
3573,394.6
3574,413
3575,341.2
3576,380.4
3577,401.4
3578,443.6
3579,372.8
3580,347.4
3581,431.4
3582,453.6
3583,393.4
3584,407.8
3585,414.2
3586,358.6
3587,409
3588,377.2
3589,404.2
3590,451.8
3591,339.6
3592,416.8
3593,420
3594,372.8
3595,446
3596,427.8
3597,428.4
3598,470.8
3599,440.6
3600,441.6
3601,473.8
3602,382.4
3603,406
3604,433.8
3605,450.8
3606,430.2
3607,414.8
3608,358.2
3609,427.4
3610,402.8
3611,400
3612,408
3613,429.4
3614,450
3615,398
3616,313
3617,387.2
3618,446.2
3619,388
3620,379.4
3621,390.2
3622,441.8
3623,500
3624,384.4
3625,417
3626,449
3627,463.8
3628,293.8
3629,366.4
3630,344
3631,493
3632,385.6
3633,497.4
3634,362.8
3635,437.4
3636,380.4
3637,347.4
3638,405
3639,385.4
3640,383.4
3641,369.4
3642,488.8
3643,429.6
3644,452.4
3645,413.8
3646,343.4
3647,450.8
3648,419.4
3649,313.4
3650,407.6
3651,367.8
3652,393.8
3653,359.2
3654,432
3655,415.8
3656,429.4
3657,398.2
3658,421.2
3659,391.6
3660,397.8
3661,412.8
3662,383.2
3663,438.6
3664,491
3665,462.4
3666,478.8
3667,449.2
3668,450.2
3669,342.6
3670,473
3671,431.2
3672,424.4
3673,366
3674,457.6
3675,428.8
3676,380.8
3677,500
3678,457.2
3679,348.8
3680,446
3681,438.8
3682,433.6
3683,489.8
3684,435.6
3685,459.2
3686,425.2
3687,410.8
3688,327
3689,391.8
3690,437.6
3691,410
3692,378.4
3693,392.8
3694,375.2
3695,382
3696,448.2
3697,378.6
3698,393.2
3699,458.4
3700,408.8
3701,438
3702,377.6
3703,432.4
3704,378.4
3705,379.6
3706,384
3707,418.6
3708,361.6
3709,383.6
3710,407
3711,453.6
3712,364.8
3713,500
3714,397.2
3715,443.8
3716,425.2
3717,352.6
3718,419.2
3719,460.6
3720,383.6
3721,410.4
3722,362.4
3723,449
3724,370.2
3725,422.8
3726,409
3727,487
3728,454
3729,475.6
3730,450.2
3731,289.2
3732,435
3733,437.6
3734,397.8
3735,400.4
3736,406
3737,447.4
3738,371.6
3739,419.8
3740,360.4
3741,480.6
3742,420.4
3743,374
3744,403
3745,416.8
3746,427.2
3747,422
3748,442.4
3749,423.4
3750,440.2
3751,438.2
3752,381.2
3753,464
3754,352
3755,425.6
3756,491
3757,361.6
3758,450.8
3759,433.8
3760,415.8
3761,464.2
3762,453.2
3763,370.4
3764,405.8
3765,332.4
3766,480
3767,406.6
3768,341.6
3769,428.2
3770,368.8
3771,430.2
3772,359.2
3773,345.8
3774,416.6
3775,385.8
3776,390.2
3777,314.8
3778,383.8
3779,406.6
3780,394
3781,362.8
3782,448.2
3783,428
3784,427.8
3785,410.6
3786,279
3787,434.4
3788,347
3789,394.2
3790,467
3791,410.2
3792,431.2
3793,389.8
3794,451.4
3795,413
3796,378.8
3797,450.6
3798,429.4
3799,445.2
3800,486.4
3801,440.2
3802,440.6
3803,430
3804,340.6
3805,426.2
3806,381.6
3807,424.2
3808,411.2
3809,387.2
3810,382.6
3811,463.2
3812,474.8
3813,312.6
3814,437.6
3815,452.6
3816,365.8
3817,365.2
3818,401.6
3819,464.8
3820,446
3821,405.6
3822,449
3823,413.2
3824,456.2
3825,447.4
3826,416.8
3827,426.6
3828,355.8
3829,490.8
3830,396.6
3831,402.2
3832,385
3833,410.4
3834,417.2
3835,418.8
3836,498.6
3837,487.2
3838,457.4
3839,331.6
3840,432.2
3841,372
3842,436
3843,399.4
3844,441
3845,469.6
3846,378.8
3847,432
3848,403.8
3849,483
3850,458.8
3851,393.6
3852,465.8
3853,394.8
3854,363.6
3855,418.6
3856,470.4
3857,411
3858,438.2
3859,405
3860,402
3861,344.4
3862,356.2
3863,460.2
3864,410.8
3865,473.8
3866,473.6
3867,424.4
3868,407.2
3869,476.6
3870,435.2
3871,438.4
3872,437.8
3873,427
3874,457.8
3875,467.6
3876,486.6
3877,473.2
3878,404.8
3879,398.2
3880,386.6
3881,380.4
3882,425
3883,398
3884,401.8
3885,374.6
3886,469.6
3887,364.2
3888,383.4
3889,408.6
3890,447
3891,424.2
3892,371.6
3893,444
3894,359.8
3895,410.2
3896,472.4
3897,461.4
3898,389.4
3899,378.2
3900,467.4
3901,419
3902,419
3903,436
3904,418.2
3905,392.4
3906,376.6
3907,454.2
3908,399.8
3909,421.8
3910,423.6
3911,418.6
3912,418.6
3913,395.2
3914,388.4
3915,430.2
3916,275.8
3917,439.8
3918,461.4
3919,427.8
3920,432.2
3921,444
3922,459.6
3923,389.6
3924,472
3925,467
3926,443.4
3927,462.6
3928,496.2
3929,457.2
3930,392.6
3931,307.4
3932,444.6
3933,395.4
3934,347.4
3935,375
3936,424.8
3937,460
3938,378.2
3939,398.6
3940,439.4
3941,370.8
3942,489.8
3943,407.2
3944,463.6
3945,498
3946,412.4
3947,444.8
3948,384.4
3949,428.2
3950,500
3951,456.6
3952,393.6
3953,388.8
3954,408.4
3955,432
3956,368.6
3957,417
3958,389.2
3959,482.2
3960,478.2
3961,374.4
3962,379.6
3963,489.6
3964,431
3965,394.6
3966,394.8
3967,415
3968,406
3969,325.6
3970,382.8
3971,361.8
3972,408.4
3973,381.8
3974,323.6
3975,424.8
3976,372.6
3977,498.6
3978,378
3979,377.4
3980,370.4
3981,435.2
3982,421.6
3983,391.2
3984,357.8
3985,480.4
3986,421.4
3987,446.6
3988,422.8
3989,381.8
3990,404.6
3991,408.8
3992,444.8
3993,473
3994,500
3995,433.4
3996,454
3997,344.4
3998,435
3999,415.8
4000,402.4
4001,454.4
4002,445.2
4003,500
4004,465.4
4005,365.6
4006,476.8
4007,427.4
4008,443.4
4009,365
4010,417.4
4011,427.6
4012,475.8
4013,377.4
4014,398
4015,387
4016,412.2
4017,500
4018,411.8
4019,458.4
4020,431
4021,444.2
4022,497.2
4023,485.8
4024,399.8
4025,428.2
4026,436.8
4027,443.2
4028,493.2
4029,375.6
4030,496
4031,476.8
4032,446.4
4033,438.4
4034,398
4035,452.8
4036,462
4037,484
4038,447.2
4039,409
4040,452.4
4041,372.2
4042,471.8
4043,500
4044,500
4045,459.8
4046,396.6
4047,487.8
4048,386.6
4049,419.6
4050,397.4
4051,394.8
4052,436.2
4053,422.6
4054,436.2
4055,468
4056,487
4057,376.8
4058,478.6
4059,386.4
4060,486.2
4061,500
4062,481.4
4063,456.8
4064,456
4065,498.6
4066,469.4
4067,420.8
4068,398.4
4069,467.6
4070,471
4071,497.6
4072,500
4073,452.4
4074,417
4075,446.4
4076,465
4077,475.4
4078,397.2
4079,489.2
4080,465
4081,464.8
4082,430.4
4083,439.8
4084,337.6
4085,456.6
4086,457.8
4087,489
4088,376
4089,496.4
4090,447.4
4091,458
4092,494
4093,449.2
4094,486.6
4095,373.8
4096,476.4
4097,440.8
4098,364
4099,478.4
4100,500
4101,493.4
4102,493.6
4103,462.4
4104,471.4
4105,457.6
4106,405.2
4107,417.8
4108,431.2
4109,383
4110,473
4111,466.4
4112,412.6
4113,466.6
4114,480.8
4115,477
4116,469.4
4117,434.8
4118,393.8
4119,439.2
4120,430
4121,439.6
4122,343.8
4123,413.8
4124,400.6
4125,429.6
4126,494.6
4127,497
4128,350.2
4129,437.6
4130,463.6
4131,483.6
4132,472.2
4133,391.6
4134,470.8
4135,451
4136,416.2
4137,487
4138,476
4139,449.8
4140,438.6
4141,422.4
4142,500
4143,428.8
4144,459
4145,437.6
4146,458.4
4147,450
4148,479.6
4149,475.4
4150,412.4
4151,483.2
4152,465.4
4153,431.2
4154,433.2
4155,488.8
4156,441.2
4157,448.2
4158,500
4159,469
4160,433.4
4161,408
4162,449.8
4163,468.4
4164,395.4
4165,462.2
4166,464.8
4167,445.4
4168,408
4169,457.2
4170,466.4
4171,455.8
4172,493.2
4173,473.8
4174,443.6
4175,475
4176,437.6
4177,470.2
4178,492.8
4179,500
4180,421.4
4181,446.4
4182,473.8
4183,495.2
4184,427.6
4185,487.8
4186,400.2
4187,442.6
4188,424.2
4189,438.2
4190,390.4
4191,481.2
4192,500
4193,453.6
4194,464.6
4195,432.8
4196,500
4197,468.4
4198,459.8
4199,471.4
4200,437.2
4201,442.2
4202,450
4203,500
4204,448
4205,500
4206,433.6
4207,474.8
4208,477.8
4209,446.4
4210,471.8
4211,432.6
4212,469.6
4213,500
4214,414.2
4215,360.8
4216,396.8
4217,401.8
4218,500
4219,393.2
4220,412.4
4221,441
4222,407.8
4223,445.8
4224,465.8
4225,459.6
4226,500
4227,392
4228,461.2
4229,471.8
4230,480.4
4231,500
4232,444
4233,492.2
4234,406.6
4235,451
4236,413
4237,500
4238,492.6
4239,500
4240,439
4241,410
4242,458
4243,468.6
4244,450
4245,460.2
4246,404.2
4247,478.8
4248,451.6
4249,383
4250,325.2
4251,428.8
4252,423.2
4253,405.4
4254,461
4255,462.8
4256,500
4257,422.2
4258,472.6
4259,500
4260,500
4261,474.4
4262,483.6
4263,442
4264,486.8
4265,500
4266,444.4
4267,482.8
4268,474.2
4269,447.4
4270,438.4
4271,467.4
4272,455
4273,500
4274,468.2
4275,458.6
4276,500
4277,393.2
4278,365.8
4279,474.6
4280,463.8
4281,500
4282,464.2
4283,464.2
4284,437.8
4285,471.6
4286,500
4287,500
4288,435.2
4289,456
4290,486.8
4291,402.4
4292,461.6
4293,445.4
4294,427.6
4295,489
4296,500
4297,446.8
4298,478.8
4299,500
4300,482.2
4301,461.2
4302,397.4
4303,459.6
4304,460.2
4305,387.4
4306,474.2
4307,470.4
4308,405
4309,500
4310,411
4311,500
4312,392.8
4313,451.8
4314,447.8
4315,374.6
4316,463
4317,500
4318,446.4
4319,365.8
4320,500
4321,500
4322,486
4323,409.4
4324,441.8
4325,342.6
4326,399.6
4327,460.8
4328,479.6
4329,416.2
4330,468.2
4331,409
4332,423.2
4333,364.2
4334,295
4335,433.6
4336,424.8
4337,406.8
4338,425.2
4339,437
4340,420
4341,500
4342,387.6
4343,433.8
4344,377.6
4345,428.2
4346,500
4347,483.6
4348,500
4349,453.8
4350,399.6
4351,445.6
4352,470.2
4353,495.4
4354,500
4355,500
4356,482.8
4357,500
4358,496.8
4359,488
4360,500
4361,464.6
4362,466.6
4363,480.2
4364,492.2
4365,369.2
4366,500
4367,464.8
4368,423.2
4369,481
4370,453.8
4371,469.8
4372,489
4373,426.6
4374,485.2
4375,460.2
4376,430.8
4377,500
4378,464
4379,488.8
4380,474.4
4381,423
4382,448
4383,459.2
4384,500
4385,446
4386,500
4387,424.8
4388,440.8
4389,388.4
4390,453.4
4391,455
4392,424.2
4393,408.6
4394,471
4395,436.2
4396,443.2
4397,500
4398,477.8
4399,419.8
4400,442
4401,500
4402,465
4403,500
4404,482
4405,418
4406,451.2
4407,419
4408,463.4
4409,416.6
4410,463.6
4411,500
4412,480.4
4413,497
4414,464.2
4415,443.6
4416,498.2
4417,423.4
4418,495.8
4419,481.6
4420,440
4421,485.6
4422,500
4423,466.6
4424,500
4425,477
4426,469.8
4427,500
4428,471
4429,500
4430,495.2
4431,500
4432,438.8
4433,435.2
4434,460.4
4435,448.4
4436,484
4437,491.8
4438,474.8
4439,448
4440,457
4441,484
4442,500
4443,498.8
4444,458.4
4445,483
4446,467.8
4447,457.4
4448,460.2
4449,478.8
4450,489.2
4451,472.8
4452,440.6
4453,467.6
4454,500
4455,419
4456,449.8
4457,480.4
4458,438.8
4459,462.4
4460,398.6
4461,465
4462,488.8
4463,450.2
4464,488.4
4465,469.8
4466,427.2
4467,429.6
4468,426.4
4469,403.8
4470,467.2
4471,500
4472,457.6
4473,442.2
4474,471.8
4475,485.8
4476,474
4477,496.4
4478,500
4479,480.8
4480,500
4481,500
4482,494.2
4483,461.2
4484,499.4
4485,479.8
4486,479.2
4487,414
4488,468
4489,500
4490,410.4
4491,500
4492,466.8
4493,471
4494,493.2
4495,500
4496,424.8
4497,456.8
4498,433.6
4499,473.2
4500,425.8
4501,491
4502,481.2
4503,500
4504,396.8
4505,500
4506,471.6
4507,404.6
4508,467.4
4509,454.4
4510,486.8
4511,395.8
4512,422.4
4513,402.4
4514,473.2
4515,466
4516,450.6
4517,479.2
4518,450.8
4519,463.6
4520,367
4521,499.2
4522,369
4523,478.6
4524,420.6
4525,420
4526,410.4
4527,427
4528,369.8
4529,397.4
4530,454.4
4531,395.8
4532,487.6
4533,377.6
4534,422.2
4535,428.6
4536,431
4537,431.8
4538,372.4
4539,414.4
4540,430.6
4541,497
4542,463.4
4543,471.8
4544,458.2
4545,463.6
4546,474
4547,460.8
4548,473.6
4549,455.4
4550,490
4551,487.4
4552,465.6
4553,390
4554,460.4
4555,464.6
4556,363.2
4557,500
4558,470
4559,467.4
4560,500
4561,443.8
4562,416.2
4563,409.2
4564,447.6
4565,453.8
4566,480.2
4567,500
4568,500
4569,405
4570,474
4571,456.6
4572,500
4573,475.2
4574,500
4575,445.2
4576,500
4577,468
4578,500
4579,468.8
4580,459.4
4581,490.8
4582,465.8
4583,461.2
4584,452.8
4585,447.8
4586,423
4587,485
4588,453.4
4589,444
4590,383.6
4591,430
4592,460.6
4593,453.2
4594,463
4595,484.4
4596,446
4597,360.4
4598,449.4
4599,493.2
4600,465.6
4601,496.2
4602,500
4603,479
4604,445.4
4605,424.8
4606,498.2
4607,499.4
4608,464.2
4609,397.8
4610,404.2
4611,431.8
4612,487
4613,412.4
4614,477.4
4615,500
4616,460.8
4617,446.8
4618,492.2
4619,497
4620,500
4621,481.2
4622,442
4623,438.2
4624,485
4625,444.2
4626,436
4627,500
4628,468.6
4629,402.4
4630,392.8
4631,444.8
4632,489
4633,458.4
4634,440.6
4635,498
4636,455.4
4637,460.8
4638,468.4
4639,451.8
4640,450.2
4641,465.4
4642,446
4643,500
4644,447.4
4645,500
4646,401.2
4647,482.2
4648,460.8
4649,428.8
4650,418.4
4651,500
4652,462.6
4653,416.2
4654,429.2
4655,422
4656,405.8
4657,422.6
4658,472
4659,496.8
4660,463
4661,464.4
4662,406.8
4663,469.8
4664,483.6
4665,447.8
4666,423.2
4667,442.6
4668,460.4
4669,472.8
4670,456
4671,442
4672,500
4673,486.4
4674,424.2
4675,453.6
4676,396.8
4677,419.4
4678,428.8
4679,430.4
4680,468
4681,484.8
4682,497
4683,449
4684,448.6
4685,475.6
4686,469
4687,438
4688,413
4689,482.6
4690,472.4
4691,408.8
4692,408
4693,484.4
4694,421.4
4695,454
4696,488
4697,463.4
4698,415.8
4699,500
4700,402.2
4701,398.2
4702,499.8
4703,449
4704,433
4705,489.2
4706,475
4707,500
4708,443.2
4709,441.2
4710,487.6
4711,484
4712,499.6
4713,429.2
4714,457.6
4715,446.8
4716,482.8
4717,444.2
4718,358.8
4719,471
4720,406.4
4721,479.2
4722,454.6
4723,483.4
4724,500
4725,462.8
4726,449.2
4727,481.6
4728,489.6
4729,500
4730,469.8
4731,431.4
4732,468.6
4733,467.6
4734,500
4735,497.8
4736,465.8
4737,483
4738,488
4739,475
4740,459
4741,457.6
4742,489.6
4743,443
4744,451
4745,500
4746,495.2
4747,500
4748,470.2
4749,431.6
4750,500
4751,500
4752,499.2
4753,440.4
4754,434.2
4755,459.2
4756,492
4757,461
4758,500
4759,500
4760,478.6
4761,428.2
4762,475.2
4763,489.8
4764,469.8
4765,490.6
4766,500
4767,421.6
4768,470
4769,494.8
4770,374.8
4771,444.8
4772,426.8
4773,447.4
4774,500
4775,500
4776,356.6
4777,500
4778,491
4779,437.4
4780,425
4781,381.2
4782,441.4
4783,488.8
4784,452.6
4785,424
4786,448.8
4787,465.6
4788,500
4789,402.8
4790,430.4
4791,395.2
4792,456
4793,500
4794,497.2
4795,471.2
4796,500
4797,491.8
4798,500
4799,404.6
4800,470.6
4801,461
4802,490.8
4803,469.4
4804,479.2
4805,500
4806,487.8
4807,473.2
4808,500
4809,483.8
4810,499.4
4811,500
4812,500
4813,493.4
4814,489.6
4815,500
4816,500
4817,380.4
4818,500
4819,452.8
4820,454
4821,488
4822,471
4823,471
4824,498.4
4825,500
4826,460.8
4827,500
4828,461
4829,500
4830,497.4
4831,460.8
4832,500
4833,500
4834,419
4835,431.4
4836,500
4837,452.8
4838,458.4
4839,453.6
4840,498.6
4841,469.8
4842,500
4843,454.2
4844,500
4845,499.6
4846,500
4847,497.4
4848,431.4
4849,459.2
4850,500
4851,491.6
4852,500
4853,500
4854,466.6
4855,475.2
4856,500
4857,463.8
4858,500
4859,490
4860,500
4861,470.8
4862,456.2
4863,456.6
4864,500
4865,495
4866,500
4867,497.4
4868,454.4
4869,469
4870,482.2
4871,500
4872,500
4873,500
4874,472.6
4875,500
4876,442
4877,459
4878,500
4879,500
4880,469.6
4881,457.6
4882,445.4
4883,500
4884,500
4885,469
4886,431.8
4887,500
4888,500
4889,500
4890,412.6
4891,445.4
4892,500
4893,500
4894,472
4895,442
4896,436.6
4897,482.4
4898,459
4899,433
4900,455.4
4901,416
4902,436
4903,465
4904,458.6
4905,460.6
4906,500
4907,440.2
4908,500
4909,449.4
4910,410
4911,351.2
4912,500
4913,414.2
4914,475.4
4915,500
4916,427.6
4917,500
4918,459.4
4919,484.8
4920,477
4921,500
4922,475.6
4923,456.4
4924,484.2
4925,436
4926,500
4927,456.6
4928,462.4
4929,440.6
4930,472
4931,453.8
4932,487.4
4933,454
4934,500
4935,475
4936,472.6
4937,495.2
4938,491
4939,500
4940,467.2
4941,482.4
4942,490.6
4943,496.4
4944,470.2
4945,429.2
4946,496.8
4947,446.6
4948,500
4949,500
4950,440.6
4951,500
4952,460.8
4953,489.6
4954,500
4955,467.2
4956,500
4957,486.6
4958,469
4959,500
4960,404.4
4961,481.6
4962,417.8
4963,489.2
4964,389.4
4965,477.2
4966,470
4967,486.8
4968,471.4
4969,500
4970,460
4971,500
4972,464
4973,500
4974,500
4975,469.6
4976,475.6
4977,493.6
4978,451.6
4979,444
4980,456.8
4981,450.2
4982,408.2
4983,478.2
4984,486.4
4985,454.4
4986,500
4987,453.6
4988,471.8
4989,500
4990,498.4
4991,500
4992,500
4993,480.8
4994,500
4995,484.4
4996,455.8
4997,465.2
4998,472.8
4999,497.2
5000,451.6
5001,414.8
5002,452.6
5003,468.4
5004,439.4
5005,500
5006,373
5007,348.4
5008,456.8
5009,491
5010,477.6
5011,468
5012,500
5013,457.8
5014,479
5015,464.4
5016,475
5017,456.8
5018,500
5019,471
5020,497.4
5021,444.2
5022,500
5023,500
5024,440
5025,465.8
5026,421.8
5027,491
5028,453
5029,475.8
5030,430.2
5031,500
5032,500
5033,494.6
5034,480.4
5035,500
5036,500
5037,500
5038,500
5039,500
5040,488.4
5041,500
5042,500
5043,474.2
5044,500
5045,500
5046,495.6
5047,474.8
5048,500
5049,500
5050,500
5051,454.4
5052,477.6
5053,500
5054,500
5055,500
5056,500
5057,500
5058,454.2
5059,499
5060,483.4
5061,500
5062,461.2
5063,498.8
5064,495.8
5065,500
5066,500
5067,466.4
5068,500
5069,485.6
5070,486.2
5071,498
5072,457.6
5073,431
5074,497
5075,500
5076,475.4
5077,478.6
5078,500
5079,497.2
5080,471
5081,500
5082,500
5083,500
5084,441.8
5085,500
5086,500
5087,494.6
5088,498.2
5089,500
5090,500
5091,500
5092,500
5093,393.6
5094,500
5095,500
5096,454
5097,441.2
5098,469.6
5099,452.2
5100,500
5101,470.8
5102,500
5103,463.4
5104,500
5105,500
5106,460.4
5107,500
5108,458.4
5109,461
5110,441.8
5111,491.8
5112,472.4
5113,459.8
5114,491.6
5115,498
5116,479.4
5117,478.8
5118,461
5119,498.2
5120,451.4
5121,500
5122,500
5123,500
5124,499
5125,463.6
5126,500
5127,500
5128,500
5129,491
5130,488.6
5131,483.4
5132,500
5133,500
5134,500
5135,457.4
5136,465.8
5137,500
5138,475.8
5139,462.6
5140,463.2
5141,488.2
5142,477.6
5143,500
5144,500
5145,500
5146,436.6
5147,484.2
5148,500
5149,485.2
5150,500
5151,500
5152,478.8
5153,500
5154,462.8
5155,500
5156,445.4
5157,500
5158,491.4
5159,439.6
5160,500
5161,445.6
5162,500
5163,434.8
5164,452.8
5165,465
5166,500
5167,500
5168,444.4
5169,500
5170,459.2
5171,469.2
5172,442.8
5173,480.6
5174,442.6
5175,500
5176,485.8
5177,500
5178,407.4
5179,451.8
5180,486
5181,401.8
5182,500
5183,500
5184,500
5185,461.6
5186,455.2
5187,471.4
5188,500
5189,484.8
5190,500
5191,462
5192,483.6
5193,481.2
5194,479.2
5195,500
5196,440.8
5197,500
5198,500
5199,465.2
5200,500
5201,500
5202,500
5203,466.8
5204,468
5205,500
5206,460.6
5207,500
5208,466
5209,500
5210,500
5211,434.4
5212,423.6
5213,433.8
5214,500
5215,500
5216,455.2
5217,430.8
5218,416
5219,455.4
5220,418
5221,455
5222,413.6
5223,500
5224,459.6
5225,500
5226,381.4
5227,461.8
5228,420.8
5229,435.2
5230,440
5231,455.2
5232,463.6
5233,478.2
5234,500
5235,453.4
5236,424.6
5237,440.4
5238,429.4
5239,436.2
5240,500
5241,462.2
5242,472.8
5243,460.6
5244,474.6
5245,483.6
5246,450.2
5247,500
5248,473.2
5249,500
5250,433.6
5251,500
5252,453.6
5253,500
5254,459.8
5255,500
5256,463
5257,500
5258,455.2
5259,450.2
5260,462.6
5261,454
5262,491.4
5263,485.4
5264,500
5265,500
5266,462.8
5267,422.6
5268,454.8
5269,497
5270,440.2
5271,440.2
5272,486.8
5273,455
5274,434.8
5275,500
5276,500
5277,484.4
5278,440.2
5279,462.6
5280,482.4
5281,474.4
5282,500
5283,499.8
5284,372.8
5285,500
5286,489.6
5287,500
5288,449
5289,500
5290,480.2
5291,474.8
5292,500
5293,479.6
5294,473
5295,500
5296,469
5297,500
5298,500
5299,460
5300,496
5301,500
5302,464.6
5303,500
5304,481.6
5305,481.2
5306,497.4
5307,433
5308,472.4
5309,500
5310,471.6
5311,482.2
5312,500
5313,464.2
5314,459.2
5315,500
5316,467.2
5317,471.2
5318,474
5319,434.8
5320,500
5321,472.2
5322,457.8
5323,500
5324,475.6
5325,431.6
5326,461.4
5327,491
5328,464.8
5329,500
5330,459.4
5331,461.2
5332,405
5333,500
5334,436.8
5335,500
5336,467.4
5337,491.2
5338,493
5339,480.6
5340,447.8
5341,484.6
5342,500
5343,500
5344,427.8
5345,500
5346,500
5347,500
5348,461
5349,491.6
5350,482.8
5351,453.8
5352,500
5353,500
5354,497.2
5355,500
5356,500
5357,500
5358,499.2
5359,500
5360,486
5361,500
5362,482.4
5363,471.6
5364,473.8
5365,462.8
5366,422.4
5367,500
5368,487.2
5369,442.8
5370,479.6
5371,476.8
5372,462.8
5373,479.2
5374,464
5375,458.6
5376,490
5377,500
5378,500
5379,500
5380,482.4
5381,493.4
5382,500
5383,500
5384,491.8
5385,451.8
5386,453.8
5387,453
5388,473.4
5389,444.6
5390,483.6
5391,466.8
5392,500
5393,406.8
5394,440.8
5395,431.2
5396,484.6
5397,500
5398,500
5399,492.8
5400,499.2
5401,488.6
5402,464.6
5403,454.4
5404,500
5405,500
5406,480.2
5407,474.8
5408,500
5409,496.6
5410,449.2
5411,500
5412,500
5413,500
5414,454
5415,500
5416,492.6
5417,500
5418,500
5419,467.8
5420,500
5421,499.4
5422,474.6
5423,465
5424,500
5425,469.8
5426,493.6
5427,470.6
5428,480.2
5429,500
5430,498.8
5431,485.2
5432,500
5433,463
5434,490.6
5435,500
5436,470
5437,458.2
5438,474.8
5439,500
5440,500
5441,500
5442,500
5443,464.2
5444,500
5445,500
5446,500
5447,493.6
5448,500
5449,500
5450,483.2
5451,487.6
5452,470.6
5453,429.6
5454,500
5455,495.2
5456,489.6
5457,500
5458,440.8
5459,500
5460,500
5461,500
5462,500
5463,470.6
5464,500
5465,500
5466,451.4
5467,500
5468,474.2
5469,500
5470,445.4
5471,459.2
5472,464.8
5473,500
5474,500
5475,479.8
5476,453
5477,499.6
5478,455.4
5479,494.8
5480,500
5481,463.6
5482,500
5483,460.4
5484,500
5485,500
5486,500
5487,500
5488,500
5489,442.4
5490,468.8
5491,489.8
5492,458.6
5493,500
5494,500
5495,500
5496,500
5497,486.8
5498,464
5499,500
5500,500
5501,428.2
5502,485
5503,500
5504,500
5505,500
5506,500
5507,500
5508,487.4
5509,500
5510,500
5511,483.2
5512,457.6
5513,474.2
5514,485.8
5515,468.6
5516,399
5517,497.2
5518,500
5519,500
5520,455.6
5521,491.4
5522,497.4
5523,451.2
5524,462.4
5525,455.4
5526,423.2
5527,500
5528,474.2
5529,500
5530,500
5531,466.2
5532,500
5533,500
5534,500
5535,473.4
5536,500
5537,500
5538,500
5539,485.6
5540,500
5541,459.8
5542,500
5543,500
5544,500
5545,500
5546,380.8
5547,492.2
5548,474.8
5549,464.2
5550,500
5551,462.8
5552,417
5553,500
5554,469
5555,460
5556,500
5557,500
5558,491
5559,414.4
5560,454.2
5561,487.4
5562,500
5563,452.4
5564,468.2
5565,500
5566,454
5567,489
5568,500
5569,406.8
5570,479.4
5571,470.8
5572,463.8
5573,353.6
5574,400.6
5575,431.2
5576,469
5577,466.4
5578,469.2
5579,449.2
5580,375
5581,394.6
5582,372.4
5583,390.8
5584,435.4
5585,378.4
5586,465
5587,397
5588,396.6
5589,370
5590,498.6
5591,404.6
5592,425.6
5593,445.2
5594,406.2
5595,464.6
5596,425
5597,437.8
5598,460.8
5599,466.2
5600,500
5601,459.2
5602,415.2
5603,436.8
5604,477.6
5605,469.2
5606,495.4
5607,416
5608,499.4
5609,426.4
5610,452.2
5611,465.4
5612,425
5613,481.6
5614,500
5615,500
5616,487.2
5617,500
5618,460.6
5619,500
5620,500
5621,459.4
5622,500
5623,458.6
5624,454.2
5625,476.6
5626,500
5627,500
5628,437
5629,500
5630,488.2
5631,481.8
5632,435.6
5633,440.4
5634,500
5635,500
5636,488.8
5637,473.2
5638,500
5639,500
5640,500
5641,484
5642,474.8
5643,486.8
5644,500
5645,497.4
5646,454.8
5647,461.8
5648,500
5649,441.2
5650,472.6
5651,500
5652,500
5653,481.2
5654,461
5655,500
5656,451.4
5657,500
5658,488
5659,500
5660,485.6
5661,454.6
5662,474
5663,499.6
5664,500
5665,455
5666,451.6
5667,472.4
5668,482.4
5669,500
5670,500
5671,459.4
5672,500
5673,455.4
5674,479.4
5675,500
5676,500
5677,499.6
5678,485
5679,500
5680,500
5681,493.2
5682,435.6
5683,477.4
5684,439.8
5685,500
5686,500
5687,500
5688,469
5689,474.8
5690,500
5691,500
5692,498
5693,500
5694,500
5695,500
5696,500
5697,500
5698,500
5699,500
5700,500
5701,479.8
5702,500
5703,500
5704,478.2
5705,500
5706,452
5707,500
5708,500
5709,479.2
5710,500
5711,422.8
5712,490.6
5713,500
5714,443
5715,461.6
5716,500
5717,458.6
5718,457.8
5719,500
5720,500
5721,492.4
5722,500
5723,413.2
5724,467.8
5725,485
5726,500
5727,500
5728,500
5729,413.6
5730,479.4
5731,415
5732,500
5733,352.6
5734,488.8
5735,418.2
5736,500
5737,500
5738,490.4
5739,472
5740,444.2
5741,500
5742,436.8
5743,409
5744,500
5745,450.6
5746,455.4
5747,499.8
5748,500
5749,494.2
5750,500
5751,500
5752,500
5753,500
5754,500
5755,500
5756,500
5757,485.2
5758,441.2
5759,500
5760,500
5761,477.4
5762,500
5763,500
5764,462.8
5765,500
5766,500
5767,480
5768,500
5769,445.6
5770,410.4
5771,480
5772,476.4
5773,460.6
5774,452.4
5775,475
5776,484.8
5777,471.6
5778,437
5779,449
5780,462.8
5781,438.8
5782,406
5783,432.6
5784,473.8
5785,478.6
5786,482
5787,455.4
5788,458.8
5789,464.2
5790,455.2
5791,420.4
5792,462.8
5793,482
5794,459.6
5795,500
5796,460
5797,500
5798,440
5799,478.6
5800,500
5801,500
5802,500
5803,500
5804,500
5805,500
5806,491.8
5807,500
5808,500
5809,470.4
5810,500
5811,478
5812,500
5813,500
5814,500
5815,500
5816,444
5817,475.4
5818,463.2
5819,500
5820,486.2
5821,475.4
5822,500
5823,497.8
5824,500
5825,445.6
5826,492.4
5827,471.6
5828,470.6
5829,488.2
5830,500
5831,500
5832,481.4
5833,478.4
5834,500
5835,491.8
5836,500
5837,479.8
5838,500
5839,500
5840,500
5841,500
5842,481.8
5843,500
5844,500
5845,435.6
5846,500
5847,500
5848,500
5849,500
5850,500
5851,500
5852,500
5853,500
5854,500
5855,468.2
5856,498.4
5857,500
5858,431.8
5859,469.2
5860,451.2
5861,500
5862,490.8
5863,500
5864,500
5865,482.4
5866,473.6
5867,500
5868,500
5869,500
5870,443.8
5871,500
5872,500
5873,500
5874,500
5875,495.8
5876,500
5877,500
5878,500
5879,500
5880,480.4
5881,500
5882,500
5883,493.2
5884,470.6
5885,490.2
5886,500
5887,500
5888,444.8
5889,449.8
5890,499.8
5891,500
5892,500
5893,500
5894,500
5895,496.4
5896,500
5897,500
5898,500
5899,500
5900,461.2
5901,445.8
5902,486.2
5903,490.4
5904,500
5905,500
5906,465
5907,473.2
5908,463.6
5909,487.4
5910,488.8
5911,411.2
5912,469.2
5913,500
5914,454.4
5915,500
5916,500
5917,500
5918,495.2
5919,479
5920,500
5921,468.8
5922,473.4
5923,459.2
5924,495.4
5925,500
5926,500
5927,455.8
5928,500
5929,467.4
5930,500
5931,500
5932,500
5933,474
5934,498.6
5935,500
5936,500
5937,500
5938,498.6
5939,500
5940,500
5941,500
5942,487.6
5943,473.6
5944,492.6
5945,500
5946,500
5947,500
5948,500
5949,500
5950,456.2
5951,500
5952,500
5953,500
5954,500
5955,500
5956,460
5957,490.2
5958,483.2
5959,500
5960,500
5961,500
5962,491
5963,500
5964,500
5965,500
5966,500
5967,500
5968,500
5969,500
5970,500
5971,500
5972,500
5973,477.4
5974,500
5975,411.4
5976,500
5977,467.8
5978,462.2
5979,500
5980,500
5981,500
5982,500
5983,500
5984,500
5985,462.2
5986,496
5987,500
5988,464.8
5989,500
5990,399.4
5991,460
5992,424.4
5993,461.8
5994,474.2
5995,500
5996,456.8
5997,500
5998,500
5999,475.6
6000,470.6
6001,500
6002,500
6003,495.4
6004,500
6005,456
6006,479.2
6007,500
6008,497.8
6009,461.2
6010,480.2
6011,479.8
6012,500
6013,500
6014,500
6015,500
6016,500
6017,500
6018,500
6019,500
6020,500
6021,463.6
6022,500
6023,450
6024,448.4
6025,500
6026,500
6027,482
6028,459.8
6029,471
6030,500
6031,443.6
6032,500
6033,475
6034,500
6035,480.6
6036,500
6037,500
6038,500
6039,494.6
6040,500
6041,495.4
6042,500
6043,499.6
6044,460.8
6045,500
6046,500
6047,432.6
6048,413.8
6049,500
6050,419.2
6051,429.6
6052,500
6053,500
6054,500
6055,500
6056,488.4
6057,500
6058,500
6059,500
6060,410.4
6061,474.6
6062,434.8
6063,500
6064,456.8
6065,468.8
6066,494.2
6067,477
6068,500
6069,500
6070,446.4
6071,459.8
6072,475.6
6073,479.4
6074,500
6075,460.6
6076,478.2
6077,463.8
6078,458.6
6079,448.8
6080,500
6081,500
6082,497.6
6083,394.6
6084,500
6085,500
6086,500
6087,416.2
6088,500
6089,454.6
6090,457
6091,464.2
6092,500
6093,493.4
6094,500
6095,477
6096,443
6097,469.4
6098,500
6099,440
6100,454.8
6101,418.8
6102,449.2
6103,455
6104,478.2
6105,395.8
6106,489.6
6107,500
6108,445
6109,456.2
6110,404
6111,399.6
6112,413.8
6113,378.6
6114,361.8
6115,455.8
6116,500
6117,403.8
6118,478.8
6119,458.6
6120,451.4
6121,418.2
6122,397.4
6123,439
6124,472.2
6125,453.2
6126,500
6127,500
6128,485.4
6129,500
6130,401
6131,464.8
6132,460
6133,483.8
6134,417.2
6135,499
6136,430.4
6137,438.6
6138,453.2
6139,409
6140,480.2
6141,407.2
6142,410.8
6143,477.6
6144,439
6145,430.8
6146,431.6
6147,457
6148,459.2
6149,500
6150,500
6151,470.2
6152,443.2
6153,500
6154,470.2
6155,498.2
6156,440.6
6157,468.6
6158,479.6
6159,500
6160,500
6161,489.2
6162,495.8
6163,446.6
6164,496.8
6165,492.8
6166,453.6
6167,500
6168,466.4
6169,500
6170,500
6171,477.2
6172,500
6173,473.6
6174,500
6175,475
6176,500
6177,500
6178,463.2
6179,500
6180,444.6
6181,455.2
6182,498.2
6183,500
6184,500
6185,480.4
6186,500
6187,498.2
6188,500
6189,500
6190,500
6191,486.6
6192,422.8
6193,472.4
6194,414.2
6195,457.8
6196,455.8
6197,461.6
6198,499.4
6199,500
6200,493.4
6201,484.4
6202,499
6203,500
6204,468.4
6205,484.2
6206,500
6207,500
6208,500
6209,470
6210,500
6211,500
6212,500
6213,500
6214,466.4
6215,467.4
6216,494.2
6217,500
6218,500
6219,500
6220,500
6221,500
6222,474.6
6223,500
6224,463.8
6225,500
6226,500
6227,500
6228,479.2
6229,454
6230,500
6231,475.2
6232,500
6233,500
6234,492.8
6235,500
6236,465.6
6237,500
6238,443.2
6239,500
6240,450.4
6241,450.4
6242,500
6243,435.4
6244,470.8
6245,449.4
6246,457.6
6247,413.4
6248,500
6249,500
6250,500
6251,500
6252,498.2
6253,500
6254,500
6255,500
6256,461
6257,500
6258,494.4
6259,492
6260,500
6261,455.8
6262,500
6263,500
6264,500
6265,500
6266,493.8
6267,469.6
6268,500
6269,500
6270,500
6271,500
6272,500
6273,474.4
6274,500
6275,500
6276,486.2
6277,500
6278,460.6
6279,500
6280,490.8
6281,500
6282,489.2
6283,460.6
6284,482.8
6285,500
6286,482.4
6287,500
6288,500
6289,500
6290,500
6291,485.2
6292,481.6
6293,500
6294,492.6
6295,500
6296,500
6297,488.6
6298,463.4
6299,500
6300,450.2
6301,470.4
6302,490.4
6303,500
6304,465.4
6305,500
6306,469.8
6307,500
6308,456.2
6309,500
6310,500
6311,500
6312,500
6313,500
6314,500
6315,500
6316,500
6317,493.2
6318,500
6319,500
6320,472.2
6321,442
6322,500
6323,500
6324,500
6325,498.8
6326,494
6327,500
6328,449.6
6329,500
6330,489.4
6331,495
6332,496
6333,500
6334,500
6335,500
6336,488
6337,500
6338,456.8
6339,471.4
6340,500
6341,500
6342,500
6343,464
6344,500
6345,500
6346,470.4
6347,485.4
6348,500
6349,500
6350,484.6
6351,473.8
6352,476
6353,482.2
6354,500
6355,500
6356,500
6357,497
6358,497.4
6359,500
6360,463
6361,500
6362,500
6363,433.4
6364,452.6
6365,500
6366,500
6367,500
6368,481.8
6369,467
6370,500
6371,454.2
6372,470.6
6373,448.4
6374,500
6375,500
6376,443.4
6377,500
6378,467.2
6379,500
6380,455
6381,500
6382,500
6383,500
6384,426.6
6385,500
6386,498.6
6387,500
6388,500
6389,488.8
6390,500
6391,500
6392,500
6393,500
6394,468.8
6395,500
6396,438.4
6397,500
6398,440.4
6399,500
6400,500
6401,500
6402,500
6403,500
6404,463.4
6405,400.6
6406,422
6407,446.2
6408,500
6409,499.4
6410,439.8
6411,500
6412,500
6413,485.2
6414,478.6
6415,500
6416,500
6417,500
6418,498.6
6419,500
6420,500
6421,490.4
6422,500
6423,469.4
6424,500
6425,494.4
6426,500
6427,500
6428,500
6429,500
6430,462.2
6431,500
6432,437.2
6433,447.8
6434,500
6435,500
6436,467.2
6437,500
6438,500
6439,500
6440,500
6441,485.8
6442,485.8
6443,500
6444,499
6445,469.8
6446,500
6447,478.8
6448,500
6449,482.8
6450,500
6451,492.2
6452,500
6453,500
6454,500
6455,500
6456,500
6457,482.4
6458,465.2
6459,467
6460,500
6461,500
6462,497.2
6463,500
6464,500
6465,500
6466,474.2
6467,500
6468,471.4
6469,452.6
6470,500
6471,473.2
6472,445
6473,500
6474,500
6475,500
6476,500
6477,500
6478,429
6479,500
6480,500
6481,500
6482,500
6483,500
6484,500
6485,500
6486,500
6487,470.2
6488,500
6489,500
6490,500
6491,500
6492,500
6493,500
6494,492.6
6495,500
6496,455.2
6497,500
6498,500
6499,500
6500,500
6501,500
6502,458.2
6503,500
6504,500
6505,458
6506,494.4
6507,500
6508,500
6509,500
6510,500
6511,500
6512,488
6513,500
6514,500
6515,473.6
6516,494.6
6517,500
6518,500
6519,500
6520,500
6521,500
6522,500
6523,500
6524,479.8
6525,500
6526,500
6527,500
6528,500
6529,500
6530,461
6531,500
6532,500
6533,500
6534,500
6535,500
6536,500
6537,500
6538,500
6539,500
6540,463.8
6541,460.4
6542,500
6543,441.4
6544,456.6
6545,462.4
6546,481.4
6547,482.2
6548,497
6549,500
6550,500
6551,455.6
6552,500
6553,453.6
6554,500
6555,500
6556,500
6557,500
6558,459
6559,472.2
6560,500
6561,450
6562,449.4
6563,459.4
6564,495.2
6565,500
6566,496.8
6567,433.6
6568,500
6569,477
6570,500
6571,467.8
6572,470.8
6573,500
6574,500
6575,500
6576,487.8
6577,473.6
6578,473
6579,500
6580,500
6581,500
6582,500
6583,500
6584,499.4
6585,500
6586,500
6587,481
6588,498.4
6589,500
6590,500
6591,498.2
6592,500
6593,500
6594,500
6595,500
6596,500
6597,500
6598,481
6599,500
6600,500
6601,444.4
6602,440
6603,500
6604,436.6
6605,500
6606,500
6607,500
6608,457.6
6609,476.6
6610,500
6611,500
6612,472.6
6613,500
6614,462.8
6615,500
6616,500
6617,481.8
6618,500
6619,500
6620,498.2
6621,500
6622,500
6623,500
6624,500
6625,474.2
6626,494.8
6627,469.2
6628,490
6629,500
6630,452.8
6631,500
6632,477.8
6633,459
6634,500
6635,488.6
6636,452.2
6637,410.2
6638,500
6639,452
6640,500
6641,500
6642,491.2
6643,500
6644,470
6645,486.2
6646,486.2
6647,500
6648,500
6649,500
6650,494
6651,500
6652,478
6653,479.8
6654,500
6655,500
6656,496.6
6657,500
6658,500
6659,500
6660,500
6661,467
6662,500
6663,500
6664,500
6665,500
6666,500
6667,463
6668,500
6669,500
6670,498.4
6671,479
6672,473.4
6673,500
6674,500
6675,500
6676,500
6677,500
6678,500
6679,500
6680,500
6681,456.6
6682,500
6683,500
6684,488.4
6685,500
6686,493.2
6687,500
6688,500
6689,500
6690,500
6691,500
6692,500
6693,500
6694,500
6695,500
6696,500
6697,495.8
6698,500
6699,500
6700,454.2
6701,500
6702,426.8
6703,500
6704,500
6705,500
6706,500
6707,500
6708,499.8
6709,500
6710,500
6711,498.4
6712,500
6713,500
6714,495.6
6715,500
6716,500
6717,500
6718,449.4
6719,500
6720,500
6721,500
6722,459.4
6723,500
6724,500
6725,500
6726,500
6727,471.8
6728,500
6729,488
6730,441.8
6731,486
6732,480.2
6733,496
6734,499.4
6735,478.8
6736,500
6737,476.4
6738,494.6
6739,427.2
6740,500
6741,385.8
6742,480.8
6743,500
6744,499.6
6745,409
6746,467.4
6747,386
6748,428.2
6749,454.6
6750,462.2
6751,409.8
6752,431
6753,460.6
6754,487.4
6755,485.8
6756,358.2
6757,480.2
6758,464.4
6759,424.4
6760,438.8
6761,446.8
6762,500
6763,451
6764,482.6
6765,500
6766,438.8
6767,500
6768,482.6
6769,500
6770,500
6771,498.2
6772,500
6773,403.6
6774,437.2
6775,440.6
6776,500
6777,500
6778,467.6
6779,500
6780,432.2
6781,461.6
6782,428.6
6783,500
6784,500
6785,464.4
6786,497.6
6787,451.6
6788,500
6789,500
6790,424.6
6791,468
6792,500
6793,500
6794,459.6
6795,500
6796,500
6797,478.8
6798,488.4
6799,500
6800,493.4
6801,500
6802,500
6803,482.6
6804,497.2
6805,490.2
6806,491.4
6807,467.4
6808,500
6809,500
6810,500
6811,462
6812,500
6813,456.6
6814,463.6
6815,491
6816,500
6817,492.6
6818,500
6819,500
6820,500
6821,500
6822,500
6823,480.8
6824,500
6825,500
6826,475.4
6827,500
6828,470.6
6829,500
6830,500
6831,500
6832,499.4
6833,500
6834,500
6835,456.6
6836,476
6837,500
6838,500
6839,500
6840,500
6841,487.2
6842,453.2
6843,488.6
6844,492.8
6845,500
6846,493
6847,489.2
6848,500
6849,500
6850,500
6851,500
6852,500
6853,500
6854,500
6855,500
6856,500
6857,500
6858,500
6859,469.2
6860,500
6861,500
6862,500
6863,445.4
6864,500
6865,500
6866,500
6867,496.6
6868,478.4
6869,500
6870,500
6871,500
6872,480
6873,490
6874,500
6875,472.6
6876,500
6877,490.8
6878,500
6879,500
6880,500
6881,500
6882,500
6883,478
6884,500
6885,455
6886,500
6887,477.4
6888,500
6889,500
6890,500
6891,458.8
6892,500
6893,450.4
6894,500
6895,500
6896,497.4
6897,500
6898,500
6899,500
6900,500
6901,447
6902,477.8
6903,500
6904,500
6905,466.8
6906,500
6907,500
6908,500
6909,483.4
6910,407.6
6911,368
6912,451.4
6913,458.6
6914,490.8
6915,500
6916,420.8
6917,462.2
6918,500
6919,500
6920,500
6921,500
6922,445.6
6923,488.2
6924,500
6925,500
6926,494.8
6927,500
6928,500
6929,500
6930,500
6931,453.2
6932,500
6933,500
6934,500
6935,500
6936,500
6937,500
6938,500
6939,500
6940,491.6
6941,500
6942,500
6943,444.2
6944,500
6945,500
6946,500
6947,499
6948,500
6949,500
6950,459.8
6951,448.4
6952,500
6953,500
6954,453.8
6955,449.6
6956,445.2
6957,491.4
6958,411.2
6959,500
6960,383.8
6961,500
6962,494.4
6963,459.6
6964,493.4
6965,500
6966,484.8
6967,458.8
6968,500
6969,452.4
6970,500
6971,488.2
6972,468.2
6973,428.8
6974,464
6975,459.4
6976,500
6977,493.2
6978,500
6979,500
6980,500
6981,500
6982,500
6983,500
6984,500
6985,488.6
6986,478
6987,500
6988,500
6989,500
6990,500
6991,500
6992,500
6993,500
6994,481.6
6995,500
6996,500
6997,471.8
6998,433.6
6999,500
7000,500
7001,465.8
7002,483.8
7003,500
7004,500
7005,500
7006,500
7007,500
7008,465.8
7009,500
7010,500
7011,500
7012,500
7013,494
7014,500
7015,500
7016,500
7017,441.6
7018,479.4
7019,500
7020,500
7021,483.8
7022,491.4
7023,500
7024,500
7025,473.6
7026,500
7027,500
7028,500
7029,463
7030,500
7031,500
7032,419.6
7033,500
7034,488.2
7035,500
7036,500
7037,410.8
7038,500
7039,500
7040,500
7041,468
7042,477.8
7043,500
7044,478.4
7045,500
7046,500
7047,479.8
7048,500
7049,500
7050,500
7051,500
7052,475
7053,500
7054,480
7055,442.2
7056,500
7057,457.8
7058,474.6
7059,500
7060,500
7061,462
7062,500
7063,468
7064,500
7065,487.4
7066,500
7067,500
7068,440.8
7069,484.2
7070,500
7071,497.6
7072,493
7073,500
7074,486.8
7075,444.8
7076,476
7077,489
7078,458.8
7079,461.6
7080,500
7081,500
7082,500
7083,500
7084,500
7085,500
7086,500
7087,480
7088,500
7089,492.4
7090,463.2
7091,459
7092,461.2
7093,487.6
7094,437
7095,441
7096,489
7097,489
7098,441
7099,430
7100,428.8
7101,419.8
7102,491.6
7103,500
7104,500
7105,476.6
7106,467
7107,500
7108,500
7109,410.2
7110,458
7111,456.6
7112,398.2
7113,384.2
7114,406.8
7115,418.2
7116,412.8
7117,422.2
7118,488.4
7119,469
7120,470
7121,410
7122,368.2
7123,427.4
7124,462
7125,410.4
7126,486.8
7127,500
7128,461.4
7129,479.8
7130,472.2
7131,473.6
7132,475
7133,497.2
7134,493
7135,500
7136,488.6
7137,500
7138,497.4
7139,500
7140,500
7141,495.8
7142,500
7143,500
7144,469.2
7145,500
7146,473.4
7147,500
7148,490.4
7149,418.6
7150,442
7151,475.4
7152,455.4
7153,435.6
7154,465.6
7155,420
7156,407.2
7157,446.6
7158,464.4
7159,500
7160,500
7161,474.4
7162,496.6
7163,472.8
7164,426.2
7165,422
7166,500
7167,500
7168,446.2
7169,500
7170,500
7171,500
7172,490.2
7173,500
7174,500
7175,500
7176,468.2
7177,500
7178,496.4
7179,493.8
7180,500
7181,491.8
7182,500
7183,500
7184,500
7185,500
7186,500
7187,500
7188,436
7189,470
7190,500
7191,500
7192,500
7193,500
7194,500
7195,500
7196,500
7197,500
7198,500
7199,500
7200,442
7201,500
7202,500
7203,500
7204,500
7205,478.2
7206,500
7207,453.8
7208,500
7209,500
7210,500
7211,469.6
7212,492
7213,500
7214,500
7215,500
7216,458.4
7217,488.6
7218,500
7219,500
7220,492.4
7221,500
7222,500
7223,500
7224,500
7225,467
7226,499.6
7227,495.6
7228,500
7229,500
7230,500
7231,468.8
7232,485.8
7233,493.2
7234,478.2
7235,466
7236,500
7237,500
7238,500
7239,500
7240,476.8
7241,500
7242,500
7243,500
7244,500
7245,500
7246,500
7247,468
7248,415.6
7249,498.2
7250,500
7251,499.4
7252,500
7253,500
7254,477.6
7255,500
7256,500
7257,500
7258,500
7259,483.4
7260,498.8
7261,446.4
7262,486.6
7263,499.8
7264,473.2
7265,494
7266,478.6
7267,500
7268,500
7269,500
7270,500
7271,479
7272,451
7273,483.8
7274,500
7275,485.4
7276,500
7277,500
7278,500
7279,500
7280,500
7281,500
7282,498.2
7283,500
7284,500
7285,476.6
7286,500
7287,488.6
7288,490.8
7289,500
7290,500
7291,500
7292,499.2
7293,482.8
7294,500
7295,500
7296,500
7297,500
7298,474.6
7299,500
7300,500
7301,500
7302,500
7303,460
7304,500
7305,500
7306,455
7307,500
7308,484.4
7309,494
7310,466.8
7311,461
7312,479.6
7313,500
7314,469.8
7315,466.4
7316,461.6
7317,470.8
7318,500
7319,500
7320,462.2
7321,500
7322,500
7323,500
7324,500
7325,462.8
7326,500
7327,500
7328,490.8
7329,500
7330,500
7331,500
7332,500
7333,500
7334,470.4
7335,500
7336,491.2
7337,500
7338,500
7339,500
7340,500
7341,500
7342,500
7343,500
7344,500
7345,500
7346,500
7347,456
7348,486.2
7349,495.2
7350,482.4
7351,484.4
7352,500
7353,500
7354,495.2
7355,500
7356,482.4
7357,500
7358,500
7359,500
7360,500
7361,500
7362,500
7363,500
7364,467.4
7365,475.6
7366,500
7367,482.2
7368,500
7369,500
7370,500
7371,500
7372,500
7373,500
7374,500
7375,500
7376,500
7377,500
7378,472.8
7379,500
7380,500
7381,493.8
7382,500
7383,478
7384,457
7385,500
7386,480.6
7387,500
7388,454.6
7389,500
7390,500
7391,500
7392,496.4
7393,453
7394,500
7395,438
7396,483.8
7397,500
7398,500
7399,500
7400,500
7401,500
7402,500
7403,454.2
7404,500
7405,443.8
7406,500
7407,500
7408,500
7409,500
7410,500
7411,486.4
7412,473.8
7413,500
7414,500
7415,500
7416,500
7417,500
7418,500
7419,484
7420,500
7421,500
7422,500
7423,500
7424,450.2
7425,500
7426,500
7427,500
7428,500
7429,500
7430,500
7431,479.6
7432,500
7433,500
7434,496
7435,500
7436,500
7437,500
7438,487.4
7439,499
7440,500
7441,500
7442,496.8
7443,498.2
7444,477.4
7445,500
7446,500
7447,466.8
7448,500
7449,500
7450,500
7451,500
7452,500
7453,500
7454,500
7455,459.6
7456,451
7457,487.6
7458,500
7459,500
7460,500
7461,466.2
7462,500
7463,500
7464,500
7465,500
7466,500
7467,457.4
7468,499.6
7469,475.8
7470,477.4
7471,500
7472,500
7473,500
7474,500
7475,500
7476,500
7477,500
7478,500
7479,500
7480,500
7481,500
7482,500
7483,473.2
7484,500
7485,500
7486,500
7487,500
7488,500
7489,500
7490,495.6
7491,487.4
7492,500
7493,500
7494,482.8
7495,500
7496,500
7497,500
7498,500
7499,500
7500,500
7501,491
7502,500
7503,500
7504,500
7505,500
7506,500
7507,500
7508,484.6
7509,499.6
7510,500
7511,471.4
7512,500
7513,500
7514,500
7515,500
7516,500
7517,415.8
7518,485.4
7519,489.8
7520,500
7521,500
7522,500
7523,500
7524,500
7525,500
7526,500
7527,472.6
7528,493
7529,500
7530,500
7531,500
7532,500
7533,500
7534,500
7535,500
7536,500
7537,459.2
7538,500
7539,500
7540,500
7541,500
7542,500
7543,500
7544,500
7545,500
7546,500
7547,500
7548,469.2
7549,500
7550,500
7551,499.6
7552,500
7553,500
7554,500
7555,482.6
7556,483.2
7557,399.8
7558,500
7559,500
7560,484.8
7561,500
7562,486.8
7563,500
7564,445.6
7565,500
7566,500
7567,470.6
7568,500
7569,500
7570,497.2
7571,500
7572,490.4
7573,500
7574,500
7575,500
7576,500
7577,467.8
7578,500
7579,500
7580,481.2
7581,494.4
7582,500
7583,500
7584,500
7585,500
7586,500
7587,500
7588,495.8
7589,500
7590,500
7591,500
7592,500
7593,500
7594,470.4
7595,500
7596,500
7597,500
7598,500
7599,495.4
7600,500
7601,500
7602,500
7603,457.8
7604,500
7605,479.8
7606,500
7607,469.8
7608,391.4
7609,490.2
7610,453.4
7611,468.2
7612,443.8
7613,458.6
7614,465.8
7615,500
7616,452
7617,500
7618,500
7619,454.2
7620,499
7621,498.6
7622,500
7623,466.4
7624,500
7625,431.4
7626,489.2
7627,500
7628,500
7629,496
7630,479.4
7631,500
7632,495.2
7633,500
7634,500
7635,500
7636,500
7637,468.6
7638,455.6
7639,473.2
7640,500
7641,494.2
7642,500
7643,500
7644,500
7645,500
7646,487.6
7647,465.8
7648,500
7649,500
7650,500
7651,500
7652,500
7653,500
7654,432.8
7655,500
7656,500
7657,475.8
7658,500
7659,500
7660,500
7661,500
7662,500
7663,438.2
7664,497.8
7665,500
7666,500
7667,468.2
7668,500
7669,500
7670,466.2
7671,500
7672,500
7673,500
7674,500
7675,423.8
7676,453
7677,489
7678,431.8
7679,500
7680,412.8
7681,485.8
7682,468.2
7683,500
7684,494.2
7685,436
7686,500
7687,466.8
7688,472.2
7689,436.4
7690,469.4
7691,496.2
7692,499.8
7693,491.6
7694,475.4
7695,500
7696,500
7697,490
7698,500
7699,463.4
7700,445.2
7701,500
7702,500
7703,482.8
7704,500
7705,474.8
7706,498.2
7707,500
7708,449.8
7709,500
7710,468.2
7711,454.8
7712,450.2
7713,473
7714,500
7715,452.6
7716,491.2
7717,426.6
7718,471.2
7719,500
7720,500
7721,500
7722,488.4
7723,474.2
7724,500
7725,500
7726,500
7727,500
7728,500
7729,500
7730,475.2
7731,495.4
7732,500
7733,500
7734,487
7735,500
7736,500
7737,500
7738,424.2
7739,500
7740,500
7741,500
7742,493
7743,500
7744,500
7745,500
7746,500
7747,500
7748,500
7749,500
7750,496.4
7751,500
7752,500
7753,457.8
7754,482.2
7755,457.8
7756,459
7757,500
7758,489.4
7759,500
7760,500
7761,418.8
7762,500
7763,500
7764,500
7765,500
7766,500
7767,500
7768,500
7769,500
7770,496.8
7771,500
7772,500
7773,500
7774,429.2
7775,475.6
7776,465.2
7777,500
7778,499.2
7779,500
7780,500
7781,500
7782,500
7783,500
7784,500
7785,500
7786,500
7787,500
7788,500
7789,500
7790,500
7791,500
7792,500
7793,500
7794,500
7795,500
7796,500
7797,500
7798,500
7799,500
7800,500
7801,500
7802,500
7803,500
7804,500
7805,476
7806,500
7807,500
7808,500
7809,500
7810,500
7811,500
7812,500
7813,500
7814,500
7815,494
7816,500
7817,500
7818,500
7819,500
7820,499.4
7821,478
7822,497.6
7823,500
7824,500
7825,490.2
7826,500
7827,500
7828,500
7829,500
7830,469.2
7831,500
7832,500
7833,500
7834,500
7835,500
7836,500
7837,480
7838,500
7839,500
7840,498.4
7841,500
7842,472.2
7843,500
7844,456.2
7845,500
7846,500
7847,500
7848,500
7849,452.8
7850,456
7851,487
7852,500
7853,500
7854,414.8
7855,500
7856,500
7857,428.2
7858,370.4
7859,500
7860,457.8
7861,454.6
7862,419.2
7863,500
7864,469.2
7865,454
7866,500
7867,500
7868,478.6
7869,500
7870,500
7871,500
7872,466.6
7873,429
7874,455.6
7875,458.2
7876,447.2
7877,500
7878,461.8
7879,475.4
7880,481
7881,500
7882,436
7883,465.8
7884,463
7885,476.2
7886,453.2
7887,500
7888,468
7889,461.4
7890,429.4
7891,465.6
7892,460.4
7893,469.4
7894,500
7895,500
7896,500
7897,493.2
7898,426.6
7899,500
7900,500
7901,451
7902,500
7903,500
7904,479.4
7905,500
7906,500
7907,500
7908,500
7909,500
7910,494.6
7911,500
7912,500
7913,492.2
7914,500
7915,498.2
7916,500
7917,500
7918,500
7919,500
7920,500
7921,451.4
7922,500
7923,500
7924,500
7925,468.4
7926,500
7927,500
7928,500
7929,459.2
7930,492
7931,500
7932,491.8
7933,496.8
7934,500
7935,481.4
7936,451.8
7937,492.8
7938,500
7939,500
7940,500
7941,449
7942,500
7943,500
7944,500
7945,500
7946,500
7947,451.4
7948,500
7949,500
7950,500
7951,500
7952,492.8
7953,450.6
7954,500
7955,500
7956,500
7957,499.8
7958,500
7959,500
7960,500
7961,500
7962,500
7963,467.4
7964,500
7965,461.4
7966,500
7967,500
7968,500
7969,500
7970,500
7971,494
7972,497.8
7973,496.2
7974,500
7975,500
7976,500
7977,500
7978,500
7979,500
7980,500
7981,455.8
7982,500
7983,491
7984,492.8
7985,498.6
7986,500
7987,500
7988,469.8
7989,500
7990,496.2
7991,500
7992,500
7993,460.4
7994,500
7995,500
7996,479.6
7997,500
7998,500
7999,500
8000,500
8001,451.6
8002,500
8003,500
8004,500
8005,457.6
8006,500
8007,459.4
8008,500
8009,500
8010,467
8011,500
8012,465.4
8013,500
8014,500
8015,500
8016,500
8017,500
8018,498.6
8019,500
8020,500
8021,500
8022,500
8023,500
8024,500
8025,500
8026,500
8027,500
8028,500
8029,500
8030,500
8031,500
8032,500
8033,496.8
8034,500
8035,500
8036,500
8037,491.2
8038,500
8039,485.8
8040,480.8
8041,500
8042,500
8043,500
8044,500
8045,495.2
8046,500
8047,500
8048,500
8049,499.4
8050,496.8
8051,499
8052,500
8053,500
8054,500
8055,500
8056,500
8057,500
8058,500
8059,500
8060,500
8061,473.8
8062,500
8063,500
8064,500
8065,500
8066,500
8067,495
8068,500
8069,500
8070,500
8071,500
8072,500
8073,488.4
8074,498
8075,495.2
8076,500
8077,500
8078,440.4
8079,500
8080,496.6
8081,500
8082,500
8083,500
8084,500
8085,500
8086,500
8087,473.2
8088,500
8089,466
8090,461.8
8091,500
8092,494.4
8093,500
8094,500
8095,495.8
8096,500
8097,462.4
8098,500
8099,482.4
8100,471.8
8101,500
8102,500
8103,471.8
8104,443.8
8105,500
8106,500
8107,430
8108,462.2
8109,500
8110,500
8111,500
8112,477.2
8113,495.8
8114,476.8
8115,482.4
8116,500
8117,463.6
8118,431
8119,500
8120,500
8121,500
8122,500
8123,500
8124,500
8125,463.6
8126,500
8127,500
8128,500
8129,442.4
8130,500
8131,500
8132,500
8133,498.6
8134,500
8135,500
8136,500
8137,469.8
8138,441.8
8139,474
8140,500
8141,437.6
8142,486.2
8143,500
8144,500
8145,494.4
8146,500
8147,500
8148,500
8149,500
8150,500
8151,500
8152,476.6
8153,496.8
8154,500
8155,456.2
8156,500
8157,493
8158,500
8159,500
8160,500
8161,499.8
8162,500
8163,500
8164,500
8165,500
8166,500
8167,500
8168,500
8169,493.2
8170,500
8171,500
8172,500
8173,500
8174,500
8175,500
8176,493.8
8177,500
8178,487.4
8179,500
8180,500
8181,488.8
8182,496
8183,498
8184,500
8185,500
8186,500
8187,500
8188,500
8189,500
8190,500
8191,500
8192,500
8193,500
8194,500
8195,500
8196,500
8197,500
8198,500
8199,500
8200,500
8201,500
8202,457
8203,473.2
8204,500
8205,497
8206,500
8207,500
8208,500
8209,500
8210,500
8211,500
8212,487.8
8213,500
8214,500
8215,500
8216,500
8217,500
8218,500
8219,500
8220,495.4
8221,499.4
8222,500
8223,500
8224,500
8225,500
8226,458
8227,500
8228,500
8229,500
8230,500
8231,500
8232,500
8233,500
8234,500
8235,491.2
8236,496.2
8237,500
8238,500
8239,500
8240,500
8241,500
8242,500
8243,500
8244,500
8245,478
8246,500
8247,500
8248,500
8249,500
8250,500
8251,500
8252,500
8253,500
8254,500
8255,458
8256,500
8257,500
8258,500
8259,487.4
8260,500
8261,500
8262,500
8263,500
8264,500
8265,500
8266,483.2
8267,500
8268,500
8269,500
8270,498.8
8271,500
8272,500
8273,500
8274,492
8275,500
8276,491.4
8277,500
8278,500
8279,500
8280,482.8
8281,500
8282,500
8283,500
8284,500
8285,500
8286,495.2
8287,500
8288,500
8289,500
8290,500
8291,498.8
8292,499.2
8293,500
8294,500
8295,500
8296,500
8297,500
8298,493.2
8299,500
8300,500
8301,500
8302,477.8
8303,500
8304,500
8305,500
8306,500
8307,500
8308,447.4
8309,500
8310,500
8311,500
8312,441.4
8313,500
8314,466
8315,460.6
8316,415.4
8317,500
8318,500
8319,462.4
8320,500
8321,500
8322,500
8323,500
8324,500
8325,490.4
8326,500
8327,500
8328,500
8329,500
8330,500
8331,500
8332,500
8333,497
8334,492
8335,499.8
8336,500
8337,500
8338,500
8339,452
8340,500
8341,500
8342,460.6
8343,500
8344,500
8345,500
8346,449.6
8347,500
8348,500
8349,500
8350,500
8351,470.8
8352,500
8353,500
8354,500
8355,500
8356,458.4
8357,395.2
8358,500
8359,440.6
8360,446.8
8361,500
8362,461.2
8363,427.6
8364,500
8365,500
8366,458
8367,500
8368,500
8369,442.6
8370,500
8371,500
8372,500
8373,453
8374,495.8
8375,462
8376,486.6
8377,466.2
8378,389.4
8379,452.4
8380,442.2
8381,455.4
8382,500
8383,458.6
8384,500
8385,500
8386,500
8387,500
8388,500
8389,494
8390,500
8391,500
8392,500
8393,500
8394,500
8395,500
8396,500
8397,500
8398,500
8399,500
8400,500
8401,500
8402,500
8403,500
8404,500
8405,499.6
8406,500
8407,500
8408,500
8409,500
8410,500
8411,500
8412,500
8413,494.8
8414,500
8415,500
8416,500
8417,500
8418,500
8419,500
8420,500
8421,500
8422,500
8423,498.2
8424,500
8425,500
8426,500
8427,488.6
8428,499.8
8429,500
8430,500
8431,494
8432,500
8433,500
8434,500
8435,500
8436,500
8437,500
8438,500
8439,500
8440,500
8441,500
8442,500
8443,500
8444,500
8445,500
8446,500
8447,500
8448,500
8449,500
8450,500
8451,500
8452,500
8453,500
8454,491.6
8455,500
8456,500
8457,500
8458,500
8459,500
8460,500
8461,500
8462,500
8463,500
8464,500
8465,466.8
8466,500
8467,500
8468,500
8469,500
8470,500
8471,450.8
8472,500
8473,500
8474,440.6
8475,449.6
8476,500
8477,500
8478,500
8479,500
8480,500
8481,467.4
8482,500
8483,500
8484,500
8485,397.8
8486,500
8487,453.4
8488,500
8489,466.4
8490,447.2
8491,500
8492,456.4
8493,500
8494,500
8495,453.6
8496,500
8497,444.8
8498,476.8
8499,497.4
8500,499
8501,500
8502,500
8503,463.6
8504,500
8505,500
8506,500
8507,500
8508,500
8509,479.2
8510,497.6
8511,476.6
8512,500
8513,500
8514,500
8515,500
8516,450.2
8517,500
8518,500
8519,500
8520,500
8521,500
8522,500
8523,500
8524,500
8525,478.6
8526,500
8527,500
8528,500
8529,500
8530,500
8531,500
8532,500
8533,500
8534,500
8535,499.6
8536,493.6
8537,500
8538,500
8539,500
8540,492.4
8541,500
8542,500
8543,473.2
8544,500
8545,500
8546,500
8547,500
8548,500
8549,500
8550,495.8
8551,498.4
8552,500
8553,500
8554,443.8
8555,500
8556,500
8557,500
8558,500
8559,489
8560,500
8561,500
8562,500
8563,500
8564,500
8565,478
8566,500
8567,500
8568,466.4
8569,500
8570,500
8571,500
8572,500
8573,500
8574,440.4
8575,500
8576,500
8577,465.4
8578,500
8579,497
8580,466.4
8581,500
8582,498
8583,500
8584,492.6
8585,500
8586,430.6
8587,500
8588,500
8589,500
8590,500
8591,441
8592,500
8593,500
8594,500
8595,500
8596,500
8597,500
8598,500
8599,500
8600,500
8601,500
8602,500
8603,487.6
8604,500
8605,500
8606,479.2
8607,500
8608,500
8609,500
8610,440.8
8611,500
8612,500
8613,500
8614,500
8615,500
8616,500
8617,500
8618,500
8619,500
8620,500
8621,500
8622,500
8623,500
8624,500
8625,500
8626,500
8627,500
8628,498
8629,500
8630,500
8631,500
8632,500
8633,500
8634,435.8
8635,500
8636,500
8637,500
8638,500
8639,500
8640,500
8641,500
8642,500
8643,500
8644,500
8645,500
8646,500
8647,500
8648,500
8649,500
8650,446.4
8651,500
8652,500
8653,500
8654,500
8655,500
8656,500
8657,435
8658,446.4
8659,500
8660,500
8661,500
8662,500
8663,500
8664,489.8
8665,500
8666,446.6
8667,437.6
8668,500
8669,406.8
8670,452.4
8671,500
8672,500
8673,500
8674,500
8675,461.6
8676,432.2
8677,466.2
8678,434.2
8679,500
8680,500
8681,500
8682,500
8683,437
8684,500
8685,434.8
8686,438.4
8687,500
8688,500
8689,500
8690,421.4
8691,447.4
8692,482.4
8693,441.6
8694,500
8695,500
8696,500
8697,500
8698,500
8699,500
8700,500
8701,421
8702,440.8
8703,500
8704,500
8705,500
8706,500
8707,500
8708,500
8709,500
8710,500
8711,500
8712,487
8713,500
8714,500
8715,500
8716,480.2
8717,500
8718,500
8719,489.2
8720,500
8721,500
8722,500
8723,500
8724,500
8725,487.6
8726,500
8727,500
8728,500
8729,500
8730,500
8731,500
8732,500
8733,500
8734,459.8
8735,500
8736,500
8737,439.8
8738,500
8739,500
8740,500
8741,500
8742,500
8743,500
8744,500
8745,500
8746,500
8747,500
8748,484.4
8749,500
8750,500
8751,500
8752,493.6
8753,500
8754,500
8755,500
8756,499.8
8757,500
8758,490.8
8759,500
8760,500
8761,500
8762,490.4
8763,478.4
8764,500
8765,500
8766,500
8767,500
8768,500
8769,500
8770,500
8771,479
8772,500
8773,500
8774,500
8775,484
8776,493.4
8777,500
8778,500
8779,500
8780,500
8781,500
8782,500
8783,500
8784,496.2
8785,500
8786,500
8787,500
8788,500
8789,500
8790,496.2
8791,500
8792,457.2
8793,500
8794,500
8795,500
8796,497.2
8797,500
8798,500
8799,500
8800,500
8801,487
8802,500
8803,493.8
8804,500
8805,500
8806,500
8807,492.6
8808,500
8809,500
8810,500
8811,500
8812,434.8
8813,500
8814,500
8815,500
8816,500
8817,500
8818,500
8819,500
8820,500
8821,486.6
8822,500
8823,500
8824,500
8825,497.2
8826,500
8827,500
8828,497.6
8829,500
8830,500
8831,498.8
8832,496.2
8833,500
8834,500
8835,500
8836,500
8837,500
8838,500
8839,500
8840,500
8841,500
8842,500
8843,500
8844,500
8845,500
8846,500
8847,500
8848,500
8849,500
8850,500
8851,500
8852,500
8853,500
8854,500
8855,499
8856,500
8857,437.2
8858,500
8859,497.6
8860,500
8861,500
8862,500
8863,500
8864,500
8865,500
8866,443
8867,500
8868,500
8869,500
8870,498.4
8871,500
8872,457.4
8873,500
8874,449.6
8875,500
8876,500
8877,500
8878,474.2
8879,500
8880,453.2
8881,468.4
8882,500
8883,425
8884,500
8885,500
8886,402.8
8887,400.2
8888,500
8889,500
8890,500
8891,442.2
8892,479
8893,444.4
8894,495.6
8895,500
8896,500
8897,451.4
8898,500
8899,398.4
8900,436.6
8901,453.2
8902,500
8903,500
8904,403.6
8905,455.2
8906,500
8907,442
8908,440.8
8909,450.6
8910,434
8911,500
8912,451.6
8913,500
8914,456.8
8915,500
8916,500
8917,500
8918,500
8919,466.8
8920,399.6
8921,447.2
8922,500
8923,413.6
8924,451.6
8925,450.8
8926,500
8927,396.4
8928,500
8929,355.6
8930,460.6
8931,449.8
8932,330.2
8933,500
8934,442.2
8935,428
8936,500
8937,500
8938,500
8939,409.4
8940,500
8941,449.6
8942,481.2
8943,464.4
8944,407.6
8945,500
8946,450.8
8947,500
8948,500
8949,450.8
8950,499.6
8951,500
8952,481.8
8953,416.8
8954,478.4
8955,500
8956,457
8957,447
8958,445.4
8959,500
8960,500
8961,500
8962,467.8
8963,500
8964,500
8965,495.8
8966,500
8967,500
8968,451.6
8969,500
8970,500
8971,500
8972,500
8973,500
8974,500
8975,500
8976,500
8977,500
8978,495.6
8979,500
8980,500
8981,500
8982,500
8983,491.2
8984,500
8985,500
8986,500
8987,500
8988,500
8989,500
8990,500
8991,500
8992,500
8993,500
8994,500
8995,500
8996,500
8997,500
8998,500
8999,497
9000,494.2
9001,500
9002,500
9003,500
9004,489.2
9005,500
9006,500
9007,491.6
9008,500
9009,500
9010,490.6
9011,482.8
9012,500
9013,500
9014,500
9015,500
9016,500
9017,500
9018,500
9019,500
9020,500
9021,500
9022,500
9023,500
9024,500
9025,500
9026,500
9027,500
9028,500
9029,499.8
9030,500
9031,500
9032,492.6
9033,455.4
9034,500
9035,500
9036,500
9037,488.2
9038,500
9039,500
9040,500
9041,500
9042,500
9043,497.2
9044,500
9045,500
9046,500
9047,485.4
9048,500
9049,492.6
9050,500
9051,500
9052,500
9053,492
9054,500
9055,500
9056,500
9057,495.4
9058,500
9059,500
9060,500
9061,500
9062,500
9063,500
9064,500
9065,500
9066,500
9067,500
9068,500
9069,500
9070,500
9071,500
9072,500
9073,500
9074,500
9075,405.2
9076,500
9077,500
9078,455.8
9079,500
9080,500
9081,454.6
9082,500
9083,500
9084,500
9085,463.6
9086,474.2
9087,499.4
9088,362.2
9089,500
9090,500
9091,500
9092,492.4
9093,500
9094,500
9095,500
9096,500
9097,500
9098,500
9099,500
9100,500
9101,495.4
9102,500
9103,500
9104,500
9105,500
9106,500
9107,500
9108,500
9109,500
9110,500
9111,500
9112,499
9113,500
9114,500
9115,500
9116,500
9117,500
9118,500
9119,500
9120,500
9121,500
9122,456.8
9123,500
9124,437.8
9125,500
9126,500
9127,500
9128,500
9129,500
9130,500
9131,500
9132,500
9133,500
9134,500
9135,500
9136,500
9137,500
9138,409
9139,500
9140,500
9141,500
9142,500
9143,500
9144,500
9145,500
9146,500
9147,500
9148,491.4
9149,500
9150,500
9151,500
9152,452.6
9153,500
9154,500
9155,460.2
9156,500
9157,500
9158,500
9159,495.2
9160,463
9161,500
9162,495.4
9163,500
9164,500
9165,500
9166,500
9167,500
9168,500
9169,500
9170,500
9171,500
9172,500
9173,500
9174,500
9175,500
9176,462.6
9177,500
9178,500
9179,500
9180,500
9181,500
9182,500
9183,500
9184,500
9185,500
9186,500
9187,490.4
9188,500
9189,500
9190,500
9191,500
9192,500
9193,500
9194,500
9195,500
9196,500
9197,500
9198,500
9199,500
9200,500
9201,500
9202,500
9203,500
9204,500
9205,500
9206,500
9207,500
9208,500
9209,500
9210,500
9211,500
9212,495.8
9213,500
9214,500
9215,500
9216,500
9217,500
9218,500
9219,500
9220,500
9221,500
9222,500
9223,500
9224,497.4
9225,500
9226,500
9227,500
9228,500
9229,500
9230,453.2
9231,500
9232,496.6
9233,500
9234,500
9235,500
9236,500
9237,500
9238,500
9239,500
9240,500
9241,500
9242,500
9243,500
9244,500
9245,500
9246,500
9247,500
9248,500
9249,500
9250,500
9251,496.2
9252,500
9253,500
9254,500
9255,500
9256,500
9257,500
9258,462.2
9259,500
9260,496
9261,500
9262,500
9263,498
9264,500
9265,476
9266,500
9267,500
9268,500
9269,500
9270,482
9271,496.4
9272,500
9273,500
9274,500
9275,500
9276,500
9277,500
9278,483.8
9279,500
9280,500
9281,456.4
9282,500
9283,500
9284,500
9285,500
9286,500
9287,500
9288,500
9289,500
9290,500
9291,500
9292,499.2
9293,500
9294,500
9295,500
9296,434.6
9297,500
9298,473.6
9299,437.4
9300,500
9301,500
9302,500
9303,500
9304,500
9305,480.4
9306,493
9307,500
9308,500
9309,478.4
9310,500
9311,459.6
9312,500
9313,500
9314,477.4
9315,500
9316,500
9317,500
9318,494.6
9319,500
9320,499.8
9321,500
9322,500
9323,494.6
9324,500
9325,500
9326,500
9327,500
9328,500
9329,500
9330,500
9331,463.4
9332,500
9333,500
9334,500
9335,500
9336,491
9337,500
9338,500
9339,500
9340,500
9341,500
9342,500
9343,500
9344,500
9345,500
9346,500
9347,500
9348,500
9349,500
9350,500
9351,500
9352,500
9353,500
9354,500
9355,462.4
9356,497
9357,500
9358,500
9359,471.4
9360,500
9361,500
9362,500
9363,500
9364,500
9365,500
9366,500
9367,500
9368,500
9369,500
9370,500
9371,500
9372,500
9373,497.6
9374,479
9375,500
9376,500
9377,500
9378,500
9379,492.8
9380,500
9381,495
9382,500
9383,464.8
9384,497.4
9385,500
9386,500
9387,500
9388,500
9389,500
9390,500
9391,500
9392,500
9393,500
9394,500
9395,500
9396,500
9397,500
9398,500
9399,500
9400,500
9401,500
9402,500
9403,500
9404,500
9405,500
9406,500
9407,500
9408,500
9409,500
9410,500
9411,500
9412,500
9413,494.8
9414,500
9415,489
9416,500
9417,500
9418,500
9419,500
9420,500
9421,484.2
9422,500
9423,500
9424,500
9425,492
9426,500
9427,460.8
9428,500
9429,500
9430,500
9431,500
9432,500
9433,466.6
9434,500
9435,500
9436,480.8
9437,500
9438,500
9439,500
9440,459.8
9441,483.8
9442,500
9443,500
9444,500
9445,500
9446,500
9447,472.4
9448,417.6
9449,500
9450,474.6
9451,500
9452,500
9453,500
9454,500
9455,500
9456,500
9457,461.8
9458,500
9459,496.6
9460,500
9461,500
9462,500
9463,500
9464,500
9465,500
9466,500
9467,500
9468,486.2
9469,451.4
9470,500
9471,500
9472,500
9473,500
9474,500
9475,500
9476,500
9477,500
9478,496.2
9479,495.8
9480,500
9481,500
9482,500
9483,500
9484,500
9485,500
9486,500
9487,486.4
9488,500
9489,490
9490,500
9491,500
9492,500
9493,500
9494,494
9495,500
9496,500
9497,496
9498,499.8
9499,500
9500,498
9501,500
9502,495.8
9503,500
9504,500
9505,500
9506,500
9507,500
9508,500
9509,500
9510,484.4
9511,500
9512,500
9513,500
9514,500
9515,500
9516,500
9517,500
9518,500
9519,500
9520,500
9521,500
9522,500
9523,450.6
9524,500
9525,500
9526,500
9527,500
9528,500
9529,500
9530,500
9531,500
9532,500
9533,500
9534,500
9535,488.6
9536,500
9537,500
9538,500
9539,500
9540,500
9541,500
9542,500
9543,500
9544,500
9545,500
9546,500
9547,456
9548,490
9549,456
9550,500
9551,500
9552,500
9553,500
9554,500
9555,497.8
9556,500
9557,500
9558,500
9559,496.4
9560,500
9561,485
9562,500
9563,500
9564,500
9565,454.2
9566,500
9567,500
9568,500
9569,498.4
9570,500
9571,500
9572,500
9573,500
9574,500
9575,500
9576,500
9577,500
9578,500
9579,500
9580,473.6
9581,500
9582,475.2
9583,487
9584,500
9585,500
9586,492
9587,500
9588,465.6
9589,500
9590,500
9591,500
9592,500
9593,500
9594,483
9595,444.2
9596,460
9597,500
9598,500
9599,500
9600,500
9601,500
9602,500
9603,455.6
9604,500
9605,500
9606,500
9607,487.2
9608,500
9609,500
9610,500
9611,500
9612,453.8
9613,500
9614,465.4
9615,500
9616,499.2
9617,500
9618,500
9619,496.6
9620,443.6
9621,500
9622,478.8
9623,460
9624,500
9625,500
9626,500
9627,500
9628,500
9629,500
9630,500
9631,490.2
9632,500
9633,496.4
9634,495.8
9635,465
9636,500
9637,493.2
9638,500
9639,500
9640,500
9641,500
9642,500
9643,500
9644,500
9645,500
9646,496.8
9647,499.4
9648,500
9649,500
9650,500
9651,500
9652,500
9653,500
9654,500
9655,500
9656,500
9657,500
9658,500
9659,500
9660,500
9661,500
9662,500
9663,480.2
9664,500
9665,500
9666,500
9667,500
9668,500
9669,452.4
9670,500
9671,500
9672,500
9673,500
9674,500
9675,499.8
9676,500
9677,500
9678,449
9679,439.6
9680,500
9681,500
9682,451.6
9683,442.6
9684,500
9685,456
9686,500
9687,461
9688,463.2
9689,500
9690,500
9691,442.2
9692,500
9693,500
9694,443.4
9695,500
9696,500
9697,447.6
9698,444.2
9699,500
9700,459.2
9701,457.4
9702,500
9703,469.2
9704,500
9705,422.8
9706,500
9707,432.4
9708,500
9709,414
9710,439
9711,441
9712,448.8
9713,451.2
9714,500
9715,428.8
9716,467
9717,452.2
9718,471.6
9719,466.2
9720,500
9721,500
9722,450
9723,500
9724,500
9725,500
9726,500
9727,500
9728,500
9729,447.6
9730,434.6
9731,415.4
9732,457.2
9733,411.2
9734,500
9735,500
9736,500
9737,500
9738,500
9739,452.2
9740,452.8
9741,456
9742,500
9743,453.2
9744,500
9745,500
9746,500
9747,459.2
9748,417
9749,482.8
9750,500
9751,500
9752,439.6
9753,500
9754,500
9755,500
9756,500
9757,500
9758,500
9759,500
9760,500
9761,500
9762,500
9763,500
9764,500
9765,500
9766,500
9767,500
9768,500
9769,460.2
9770,499.8
9771,500
9772,473
9773,500
9774,500
9775,500
9776,500
9777,500
9778,500
9779,500
9780,500
9781,500
9782,500
9783,485.2
9784,500
9785,500
9786,500
9787,500
9788,493.4
9789,500
9790,500
9791,500
9792,500
9793,500
9794,489.4
9795,500
9796,500
9797,500
9798,500
9799,500
9800,500
9801,500
9802,500
9803,500
9804,500
9805,500
9806,500
9807,500
9808,500
9809,498.6
9810,500
9811,500
9812,500
9813,500
9814,500
9815,500
9816,500
9817,500
9818,486.6
9819,500
9820,500
9821,500
9822,500
9823,500
9824,500
9825,500
9826,500
9827,500
9828,500
9829,500
9830,500
9831,500
9832,500
9833,456.6
9834,500
9835,500
9836,500
9837,497.8
9838,500
9839,500
9840,500
9841,490.6
9842,500
9843,451
9844,500
9845,500
9846,500
9847,500
9848,500
9849,500
9850,500
9851,500
9852,499.8
9853,500
9854,500
9855,500
9856,500
9857,500
9858,441.4
9859,437.2
9860,500
9861,500
9862,500
9863,500
9864,500
9865,500
9866,500
9867,500
9868,500
9869,500
9870,500
9871,456.6
9872,498.6
9873,500
9874,500
9875,500
9876,415.6
9877,500
9878,442
9879,500
9880,500
9881,500
9882,492
9883,500
9884,500
9885,485.8
9886,500
9887,493
9888,500
9889,500
9890,500
9891,500
9892,500
9893,500
9894,500
9895,500
9896,500
9897,497.8
9898,500
9899,500
9900,500
9901,500
9902,500
9903,500
9904,500
9905,500
9906,485.2
9907,500
9908,500
9909,500
9910,500
9911,500
9912,488.6
9913,500
9914,491.2
9915,500
9916,500
9917,500
9918,492.2
9919,500
9920,500
9921,500
9922,500
9923,500
9924,500
9925,500
9926,494
9927,500
9928,500
9929,500
9930,500
9931,452.4
9932,500
9933,500
9934,500
9935,448
9936,500
9937,500
9938,500
9939,500
9940,500
9941,500
9942,500
9943,500
9944,500
9945,500
9946,500
9947,500
9948,500
9949,500
9950,500
9951,500
9952,500
9953,500
9954,471.6
9955,500
9956,500
9957,500
9958,500
9959,500
9960,500
9961,500
9962,500
9963,500
9964,500
9965,500
9966,500
9967,500
9968,500
9969,500
9970,500
9971,499
9972,500
9973,482.8
9974,500
9975,434.8
9976,453.8
9977,500
9978,500
9979,500
9980,500
9981,500
9982,497.8
9983,500
9984,497.2
9985,500
9986,500
9987,500
9988,500
9989,500
9990,500
9991,500
9992,500
9993,500
9994,500
9995,494
9996,500
9997,500
9998,500
9999,500
