batch,average_reward
0,80.2
1,83.8
2,110.8
3,117.8
4,82.6
5,66
6,56.8
7,106.4
8,80.6
9,142.2
10,140.6
11,103.8
12,70.8
13,131.4
14,121.8
15,107.6
16,70.8
17,80
18,147.4
19,128
20,141
21,126.8
22,107.2
23,104
24,96.2
25,151.6
26,121.2
27,124.4
28,144
29,85
30,137.8
31,131.4
32,144.6
33,137.8
34,133.8
35,144.6
36,138.2
37,129.8
38,141.8
39,145
40,101.6
41,121
42,138
43,124.8
44,138.8
45,166.6
46,139.8
47,152.2
48,150.8
49,119
50,189.6
51,222.2
52,145
53,136.6
54,171.4
55,187.2
56,195
57,124.4
58,131.8
59,171.2
60,198.2
61,174
62,166.6
63,185.2
64,122.2
65,185.6
66,209.2
67,155.8
68,162.6
69,224.2
70,212.4
71,123.2
72,186.8
73,161.6
74,139.8
75,192
76,216.8
77,150.8
78,188.2
79,156
80,167.6
81,192
82,155.6
83,151.2
84,197.4
85,131.4
86,124.2
87,158.2
88,173.4
89,149.6
90,267.2
91,190.6
92,215.2
93,192
94,207.6
95,173.4
96,188.2
97,191
98,220.8
99,236
100,156.4
101,122.8
102,145.6
103,180
104,186.6
105,143.6
106,234
107,196.6
108,204
109,168.4
110,121.6
111,200.2
112,196.8
113,241.6
114,208.4
115,186.6
116,235.2
117,208.4
118,229.4
119,246
120,212.4
121,184.6
122,176.4
123,201.6
124,174.4
125,265.2
126,173.2
127,258.4
128,264.6
129,204.8
130,170.6
131,181.2
132,195
133,266.8
134,188.2
135,230.4
136,177.2
137,215
138,205.8
139,181.2
140,224
141,144.4
142,134.6
143,175.2
144,176.2
145,146.4
146,150.2
147,202
148,227
149,201.4
150,205.4
151,184.8
152,223.8
153,235.8
154,279.4
155,230.4
156,234.4
157,278.2
158,241.4
159,240.2
160,242.8
161,255
162,221
163,205.8
164,284.4
165,197
166,213.4
167,199.8
168,201.8
169,232
170,269.8
171,200
172,176.6
173,221.6
174,212.4
175,299.6
176,242.8
177,230.6
178,290.8
179,229.4
180,232
181,297.8
182,299.6
183,222.4
184,216.8
185,198.6
186,214.4
187,232
188,330.4
189,218.4
190,271.8
191,265.4
192,345.4
193,240.6
194,280.2
195,199.4
196,270.4
197,269
198,208.6
199,184.2
200,194.4
201,231
202,166.2
203,162
204,180.8
205,193
206,230.6
207,224.2
208,199.8
209,200.8
210,183.2
211,185
212,186.6
213,277
214,157.6
215,224.6
216,217.8
217,223.6
218,202
219,231
220,217.2
221,263.4
222,296.2
223,247
224,207.2
225,301
226,269.6
227,296.6
228,236.4
229,220.8
230,289.6
231,207.2
232,221.2
233,205.6
234,218
235,312
236,284.2
237,248.8
238,201.2
239,197.8
240,160.2
241,195.2
242,185
243,161.6
244,219.2
245,233
246,343.8
247,277.8
248,315
249,303.8
250,281.4
251,236.2
252,217
253,267.6
254,377.8
255,273.8
256,307
257,216
258,209.8
259,181
260,194.2
261,176.6
262,190.2
263,166.6
264,168
265,209.8
266,167.4
267,178.6
268,157.2
269,166.2
270,164.2
271,140.6
272,163.4
273,170
274,153
275,149.6
276,125.4
277,134.2
278,147.8
279,138
280,154.4
281,160.6
282,168.2
283,193.2
284,307.2
285,329.2
286,321.6
287,367.4
288,376.6
289,267
290,303.8
291,290
292,251.8
293,167.8
294,160.4
295,160.8
296,158.4
297,154.8
298,177.8
299,229.8
300,275
301,216.2
302,178.8
303,184.4
304,175.2
305,163
306,170.6
307,144.4
308,152.6
309,137.8
310,142.8
311,140.6
312,155.8
313,163.8
314,176
315,163
316,171.4
317,160.8
318,178.2
319,171.4
320,158
321,154.6
322,148
323,153
324,158.4
325,165.8
326,165.2
327,144.4
328,152.8
329,142.2
330,172.6
331,184
332,172
333,177.4
334,156
335,173
336,202.2
337,203.8
338,180
339,202.2
340,171.2
341,161
342,172
343,164.6
344,167.6
345,196.8
346,208.8
347,173.8
348,182.6
349,204.2
350,210
351,291.8
352,215.4
353,197
354,238.4
355,267.6
356,206.2
357,197.6
358,204.4
359,241.8
360,240.6
361,235.8
362,248.4
363,255
364,219.6
365,185.4
366,195.6
367,191.6
368,189.4
369,189.8
370,184.6
371,197.4
372,229.2
373,246.2
374,201
375,251.6
376,232.8
377,197.6
378,178.2
379,200.8
380,178.6
381,194.8
382,189.8
383,183.6
384,188.2
385,175.2
386,166.6
387,179
388,175.2
389,169.6
390,204.4
391,200.4
392,240
393,186.4
394,190.6
395,168.4
396,157.2
397,137.6
398,165.6
399,215.6
400,228.2
401,269.4
402,266.4
403,328.6
404,284.2
405,309.6
406,257
407,244
408,300
409,216.8
410,204
411,187.4
412,182
413,153.2
414,156.4
415,157.6
416,187
417,205
418,217
419,291
420,353
421,339.8
422,304.2
423,300.4
424,219.2
425,224.4
426,264.6
427,336.8
428,337
429,384.6
430,281.8
431,317.8
432,286
433,393.6
434,287
435,234
436,252.4
437,312
438,369.8
439,396.4
440,343.8
441,310
442,355.8
443,363
444,389.8
445,326
446,300.8
447,233.8
448,222.2
449,200
450,191.2
451,207.2
452,189.4
453,231.2
454,231.4
455,196.6
456,171
457,166
458,162.6
459,144.6
460,130.4
461,151.4
462,166.2
463,148
464,127.4
465,137.4
466,161.2
467,163
468,188.2
469,198.6
470,213.2
471,222.2
472,241.6
473,297.6
474,336
475,337
476,337.4
477,308.8
478,272.2
479,237.4
480,255.2
481,285.6
482,281.6
483,216.2
484,212.4
485,207.8
486,175.6
487,172.4
488,165.6
489,156
490,160.4
491,166.2
492,182.2
493,188
494,190.8
495,194.4
496,191.2
497,189
498,177.8
499,211.8
500,212.2
501,280.6
502,315.4
503,333.4
504,267.2
505,244
506,217.2
507,205.6
508,208.6
509,167.4
510,167
511,173.4
512,195.8
513,176.8
514,174.2
515,161.2
516,147
517,167
518,160.2
519,166.4
520,191.8
521,197
522,181
523,193.6
524,216.8
525,195.2
526,173
527,167.4
528,175.2
529,161.2
530,170.6
531,198.4
532,179.8
533,166.8
534,174.6
535,157.8
536,151.6
537,143.6
538,148.4
539,166.4
540,171
541,189
542,184.4
543,184.4
544,184
545,181
546,176.8
547,176.4
548,175.8
549,182.6
550,192.2
551,196.6
552,176.8
553,187
554,176.4
555,200.8
556,218.8
557,224
558,203.4
559,166.8
560,150.2
561,163.6
562,158.6
563,167.6
564,174.8
565,188.8
566,181.8
567,190
568,151.8
569,145.6
570,156.8
571,169
572,180
573,193.6
574,189.6
575,174.6
576,191.8
577,180.6
578,173.6
579,178.2
580,199.8
581,195.8
582,174.8
583,191.6
584,209.8
585,243.6
586,206.8
587,236.8
588,223.6
589,236.6
590,233.6
591,243.4
592,307.8
593,296.4
594,373
595,385.2
596,281.8
597,347.2
598,331.8
599,355.2
600,342.6
601,289
602,365.8
603,326.4
604,339.2
605,362.2
606,329
607,290.4
608,244.4
609,212.2
610,209.4
611,200
612,199.8
613,204
614,356.4
615,353.6
616,308
617,234.2
618,243.6
619,273
620,209.2
621,195.6
622,208.4
623,193.8
624,232.8
625,223.2
626,233.8
627,277.6
628,319.6
629,316.2
630,312
631,235.4
632,223.4
633,207
634,307.6
635,322
636,413.6
637,280.2
638,219
639,241.4
640,229
641,255
642,294.2
643,339
644,374.8
645,338
646,362.2
647,320.8
648,286.8
649,354.2
650,264.6
651,358
652,387.2
653,313
654,340.8
655,349.8
656,357.4
657,336
658,299.4
659,320.2
660,315.8
661,264.8
662,257.2
663,379
664,337.4
665,240.2
666,214
667,237
668,291
669,249.2
670,328
671,326.6
672,413
673,373.8
674,339.6
675,320.6
676,374.4
677,322.8
678,381.2
679,237.8
680,268.6
681,343.2
682,307.4
683,326.4
684,266.2
685,267.2
686,251.4
687,203.4
688,189.4
689,178.6
690,164.2
691,173.6
692,173.8
693,192.2
694,252.6
695,214.6
696,223.6
697,259.6
698,216.6
699,192
700,245.8
701,217
702,188
703,192
704,201.6
705,208.2
706,210
707,206.8
708,188.6
709,191.4
710,200.6
711,208
712,207.6
713,204.8
714,204.8
715,186.2
716,185.4
717,232.2
718,208.4
719,215
720,221
721,216.2
722,244
723,232
724,230.6
725,233.6
726,227
727,326.8
728,336.6
729,248.6
730,227.2
731,242.8
732,201
733,202.8
734,184
735,199.8
736,208.2
737,329.4
738,318.8
739,374.2
740,221.8
741,275.8
742,274.4
743,383.6
744,291
745,267
746,258.2
747,335
748,328.6
749,255.8
750,249.8
751,273
752,289.8
753,281.4
754,182.4
755,205.2
756,222.4
757,219
758,210.2
759,186.8
760,227.2
761,202.6
762,180.8
763,199.4
764,208.6
765,182.4
766,159.6
767,151
768,127.8
769,140.8
770,130.2
771,131.6
772,158.4
773,141.8
774,149.6
775,152
776,153.2
777,143.4
778,132.4
779,141.2
780,120.4
781,113.4
782,119.8
783,120.4
784,117.2
785,110.8
786,112
787,113
788,104.8
789,97
790,104.2
791,110
792,112.2
793,120.4
794,117.4
795,107.2
796,107.4
797,118.8
798,114.2
799,114.8
800,113.4
801,112.2
802,123.8
803,113.4
804,125.8
805,140.8
806,147
807,161.2
808,154.8
809,155.8
810,145.6
811,163.6
812,151.2
813,142
814,142.4
815,129.6
816,128.4
817,142.8
818,151.6
819,140
820,131
821,123
822,116
823,107.2
824,106
825,94
826,82.2
827,86.8
828,92.8
829,103
830,110.6
831,118.4
832,121.6
833,127.6
834,132.6
835,142.8
836,144.4
837,135.4
838,121
839,139
840,127.4
841,125.4
842,134.8
843,130.4
844,108.8
845,119.2
846,116.8
847,103
848,106.2
849,85.6
850,75.4
851,109
852,118
853,116
854,128.2
855,144.2
856,150.4
857,145.2
858,134.6
859,134.4
860,131.6
861,134.2
862,128.6
863,135.2
864,114
865,131.8
866,99.2
867,93.2
868,85
869,95.2
870,114.2
871,116.8
872,130.4
873,137.6
874,137.2
875,137.4
876,126.8
877,133
878,119.2
879,142
880,146.2
881,148
882,150.2
883,145.2
884,147.4
885,154.8
886,164
887,156.8
888,157.6
889,159
890,157.8
891,147.8
892,164.4
893,155.2
894,145.8
895,152.6
896,151.2
897,160.8
898,146.6
899,157.2
900,159.8
901,163
902,162.8
903,174.8
904,159.2
905,159.6
906,153.2
907,143.4
908,149.2
909,135.4
910,139.8
911,149.2
912,144.6
913,146.2
914,145.2
915,151.6
916,161
917,144.4
918,149
919,156.2
920,150.4
921,150.4
922,155
923,151.2
924,151.8
925,177.6
926,163.6
927,175
928,188.2
929,183
930,203.4
931,180.2
932,197.4
933,208.6
934,218.4
935,240.6
936,215
937,235
938,210.2
939,209.4
940,220
941,237.4
942,244.2
943,299.2
944,402.6
945,291.4
946,271
947,301.8
948,322.6
949,405.8
950,375.6
951,304.6
952,380.6
953,419.2
954,421.4
955,429
956,314
957,278.6
958,297.4
959,272.4
960,333.2
961,364.8
962,285.4
963,272.6
964,433
965,487.8
966,385.2
967,259.4
968,384.2
969,298.4
970,318.4
971,405.2
972,418.6
973,392.4
974,396.6
975,424.4
976,412.2
977,391
978,294
979,258.4
980,227.4
981,257.6
982,226.8
983,216
984,258
985,198
986,217.2
987,216
988,221.4
989,203.6
990,226.8
991,222.8
992,211.2
993,220.8
994,266.6
995,237
996,221
997,181.8
998,189.2
999,206
1000,192.4
1001,203.8
1002,183.6
1003,184.2
1004,172.6
1005,164.4
1006,159.4
1007,163.4
1008,163.2
1009,159.6
1010,173.2
1011,185
1012,182.6
1013,176
1014,172.8
1015,159.6
1016,179.6
1017,222.8
1018,194
1019,204.8
1020,204
1021,186.8
1022,185.6
1023,216.4
1024,252
1025,271.4
1026,230
1027,219
1028,222.4
1029,197
1030,200.4
1031,191.6
1032,241
1033,227.8
1034,227.2
1035,304.2
1036,273
1037,251.2
1038,268.8
1039,349.6
1040,277
1041,257.8
1042,241.4
1043,257.8
1044,228.4
1045,302.2
1046,254.4
1047,283
1048,220.8
1049,196.6
1050,206.8
1051,210.2
1052,205.4
1053,189.4
1054,195
1055,209.6
1056,225.4
1057,247.6
1058,237.6
1059,258
1060,317
1061,444.6
1062,369.6
1063,426.4
1064,399
1065,387.4
1066,391.2
1067,414.2
1068,383.2
1069,355.4
1070,376.4
1071,418.2
1072,342.8
1073,400.4
1074,394
1075,450.4
1076,352.6
1077,296.2
1078,245
1079,227.4
1080,209.8
1081,209.2
1082,186.8
1083,174.4
1084,187.6
1085,182.6
1086,183.6
1087,208.4
1088,205.6
1089,209.6
1090,215.6
1091,214.6
1092,219.8
1093,219.8
1094,259.6
1095,242
1096,223.2
1097,290.6
1098,233.2
1099,237
1100,218.6
1101,235.6
1102,215
1103,223.6
1104,209.2
1105,210.4
1106,220.8
1107,218.4
1108,199.6
1109,189.8
1110,198
1111,191.4
1112,209
1113,199.6
1114,215
1115,224.2
1116,191.4
1117,232.8
1118,198
1119,195.4
1120,179.2
1121,200
1122,183
1123,176.8
1124,162
1125,159.2
1126,160.8
1127,176.8
1128,178.4
1129,190.2
1130,178.8
1131,179.4
1132,206
1133,165.2
1134,182.6
1135,181.8
1136,153.6
1137,184.4
1138,188.8
1139,181.8
1140,174.6
1141,164.2
1142,190.6
1143,186.6
1144,185.8
1145,178.6
1146,167.6
1147,170.2
1148,181
1149,172.8
1150,159.6
1151,187.4
1152,185.2
1153,179.4
1154,178.4
1155,174.6
1156,192
1157,219.2
1158,207.6
1159,189.6
1160,212.8
1161,196.4
1162,179.8
1163,186.2
1164,176.8
1165,162
1166,178.2
1167,182.4
1168,170.4
1169,181.4
1170,202.6
1171,207.6
1172,192.8
1173,204.2
1174,177
1175,187
1176,179.2
1177,163.8
1178,157.2
1179,167.2
1180,168.6
1181,171
1182,153.8
1183,156
1184,163.6
1185,167.8
1186,166.4
1187,177.8
1188,166
1189,169.4
1190,166.4
1191,163.6
1192,177.2
1193,171
1194,175.6
1195,171.6
1196,172.6
1197,166.2
1198,157.4
1199,142.4
1200,155.6
1201,142.4
1202,169.6
1203,165.8
1204,167.8
1205,186
1206,222.2
1207,207
1208,209.4
1209,200.8
1210,179.4
1211,182.2
1212,212.8
1213,217.2
1214,224
1215,273.6
1216,235.8
1217,212
1218,209.4
1219,252
1220,212.2
1221,188
1222,178.2
1223,186.2
1224,174.4
1225,173
1226,161.8
1227,165.8
1228,170.2
1229,158
1230,155.2
1231,156.8
1232,153.8
1233,155.2
1234,165
1235,160
1236,167.6
1237,163.2
1238,170.6
1239,185.2
1240,195.6
1241,179
1242,178.8
1243,172.4
1244,163.4
1245,153.4
1246,174.2
1247,188.8
1248,202.6
1249,192.6
1250,186.4
1251,173
1252,176.6
1253,174.2
1254,183
1255,168.6
1256,170.2
1257,151.4
1258,155
1259,150
1260,148.6
1261,147.6
1262,160.4
1263,158
1264,163
1265,160.4
1266,170.8
1267,185
1268,205.2
1269,262.8
1270,303.8
1271,243.2
1272,218.6
1273,203.2
1274,197.6
1275,200.6
1276,180.6
1277,196.6
1278,208.6
1279,207.6
1280,197.2
1281,179
1282,166.4
1283,184.6
1284,191.6
1285,175.8
1286,178.6
1287,184.8
1288,181.2
1289,177.8
1290,170
1291,169.6
1292,172.4
1293,175.8
1294,175
1295,160.2
1296,157
1297,158
1298,134.8
1299,149.8
1300,165.6
1301,164.2
1302,162
1303,139.8
1304,168.4
1305,171.8
1306,186.4
1307,188.8
1308,187
1309,180.2
1310,184
1311,167.2
1312,181.6
1313,185.6
1314,195
1315,193.8
1316,217.2
1317,233
1318,345.8
1319,318.6
1320,261
1321,206
1322,209.2
1323,268.8
1324,326.4
1325,327.8
1326,270.2
1327,297
1328,333.8
1329,454
1330,327.2
1331,370.6
1332,301.8
1333,270.6
1334,319.6
1335,413.4
1336,386.2
1337,381.4
1338,429.8
1339,359.8
1340,277.8
1341,232.2
1342,244.6
1343,332.2
1344,397
1345,451.4
1346,442.8
1347,401.8
1348,447.2
1349,394.2
1350,451.6
1351,457.4
1352,433.8
1353,396
1354,387.8
1355,439
1356,400.2
1357,296.4
1358,371.2
1359,491.8
1360,277.8
1361,273.8
1362,228
1363,206.8
1364,193.2
1365,218.2
1366,225.2
1367,234.4
1368,204.4
1369,202.4
1370,194.4
1371,181.6
1372,198.6
1373,185.2
1374,183.8
1375,177.6
1376,177
1377,190
1378,161.2
1379,165.4
1380,160.4
1381,157.6
1382,169.2
1383,177
1384,164.4
1385,168
1386,151.4
1387,153
1388,152.2
1389,147.6
1390,152
1391,158.6
1392,156.4
1393,165.2
1394,160.6
1395,168
1396,153.8
1397,151.4
1398,147
1399,143.2
1400,151.4
1401,150.8
1402,144.2
1403,141.8
1404,150.4
1405,160.4
1406,157.2
1407,149.6
1408,147.4
1409,140
1410,145.4
1411,149.4
1412,149.2
1413,141.4
1414,148.8
1415,158.4
1416,149.2
1417,158.8
1418,164.8
1419,171.4
1420,179.8
1421,181
1422,166.6
1423,155.2
1424,168
1425,170.2
1426,185.4
1427,171.2
1428,169.6
1429,173.2
1430,177.8
1431,186.6
1432,176.8
1433,158.8
1434,167.4
1435,169.4
1436,155
1437,151.2
1438,159
1439,128.2
1440,140.2
1441,140
1442,140.2
1443,150.2
1444,128
1445,143.6
1446,155.8
1447,149.6
1448,156.8
1449,152.2
1450,158.2
1451,168.6
1452,159.2
1453,156.2
1454,158.2
1455,176.6
1456,160.4
1457,157.8
1458,155.8
1459,167.2
1460,185.4
1461,180.8
1462,183.6
1463,210.8
1464,181.4
1465,176
1466,187.6
1467,203.4
1468,179.8
1469,185.6
1470,201.2
1471,203.2
1472,195.4
1473,227.6
1474,245.2
1475,279.8
1476,314.2
1477,335.4
1478,272.8
1479,248.4
1480,245.2
1481,224.4
1482,242.8
1483,214.4
1484,202.6
1485,208.2
1486,221
1487,207.4
1488,228.4
1489,216
1490,207.6
1491,198.8
1492,206.6
1493,208.6
1494,209
1495,237
1496,215
1497,236.4
1498,191.8
1499,219
1500,204.8
1501,215.4
1502,217
1503,240.2
1504,221.6
1505,208.2
1506,298.4
1507,266.2
1508,257
1509,275.6
1510,217.6
1511,244.8
1512,284.8
1513,305.4
1514,352.8
1515,310.4
1516,341.6
1517,268.4
1518,290
1519,396
1520,285.2
1521,258.4
1522,216.4
1523,211.8
1524,199.8
1525,193.2
1526,184
1527,192.4
1528,179
1529,208.6
1530,178
1531,206.2
1532,230.4
1533,273.4
1534,273.6
1535,248.4
1536,243.2
1537,250
1538,272.8
1539,238.6
1540,225.2
1541,273.6
1542,233.2
1543,225.2
1544,236
1545,230.6
1546,254.8
1547,259.4
1548,275.2
1549,272.2
1550,229.6
1551,277.8
1552,275.4
1553,238.6
1554,234.4
1555,206.4
1556,194.6
1557,207.4
1558,185.4
1559,174.2
1560,175
1561,179.2
1562,206.2
1563,219.6
1564,210.4
1565,204.6
1566,221.2
1567,215.2
1568,259.4
1569,225.8
1570,264
1571,312.8
1572,243.2
1573,242.2
1574,241.2
1575,242.4
1576,227.6
1577,247.8
1578,232
1579,204
1580,202.2
1581,201.4
1582,199
1583,181.2
1584,184.2
1585,188.2
1586,190.2
1587,200.4
1588,230.2
1589,235
1590,238.2
1591,244
1592,282.2
1593,296
1594,260.2
1595,214.2
1596,233.6
1597,261.2
1598,223.4
1599,227
1600,220.8
1601,214.6
1602,199.8
1603,178.4
1604,186.8
1605,184
1606,206.2
1607,197
1608,267.8
1609,286.4
1610,395.4
1611,410.2
1612,384.6
1613,384.8
1614,448.2
1615,302
1616,255.4
1617,232
1618,245.2
1619,235.4
1620,214
1621,197.8
1622,208.2
1623,198
1624,207.2
1625,237.6
1626,278.8
1627,256
1628,286.6
1629,417.6
1630,291.2
1631,233.8
1632,214.2
1633,215.6
1634,211.4
1635,202.8
1636,185.6
1637,194.4
1638,202
1639,219.6
1640,205.2
1641,181.6
1642,177
1643,183.6
1644,189.4
1645,191.6
1646,218.6
1647,207.4
1648,240
1649,227.2
1650,241.2
1651,229.2
1652,241.6
1653,307.4
1654,244.8
1655,210.2
1656,213.4
1657,208.6
1658,210.8
1659,258.4
1660,265.8
1661,434.8
1662,376.8
1663,393.6
1664,352.4
1665,429.6
1666,421.8
1667,311.8
1668,463
1669,407
1670,429.6
1671,349.6
1672,389
1673,433.6
1674,453
1675,378.8
1676,427.4
1677,450
1678,433.2
1679,483.8
1680,440.2
1681,407
1682,340
1683,285
1684,252
1685,201.8
1686,229.4
1687,214
1688,220.6
1689,195.6
1690,197.8
1691,193
1692,181.4
1693,176.4
1694,176.4
1695,191.4
1696,198.4
1697,196.6
1698,197.4
1699,203.6
1700,208.8
1701,208.6
1702,207.6
1703,182.6
1704,177.4
1705,193
1706,169.4
1707,161
1708,160.2
1709,131.2
1710,161.8
1711,155.6
1712,191.4
1713,196.2
1714,226.8
1715,236.8
1716,221.2
1717,224
1718,206.6
1719,171
1720,175.6
1721,181.2
1722,163.2
1723,173.8
1724,181.2
1725,202.2
1726,159.8
1727,156.6
1728,164
1729,155.8
1730,127.8
1731,122.2
1732,154.2
1733,161.6
1734,153.8
1735,155
1736,172.2
1737,165.8
1738,172
1739,209.6
1740,226.6
1741,175.2
1742,198.2
1743,165.8
1744,170.6
1745,183.6
1746,179.4
1747,200.8
1748,197.4
1749,200.8
1750,205
1751,190
1752,181.6
1753,174.4
1754,194.8
1755,184.2
1756,196.8
1757,215.6
1758,176
1759,195
1760,210.2
1761,201.4
1762,180.8
1763,184.8
1764,189.8
1765,205.8
1766,223.6
1767,219.8
1768,264.8
1769,235
1770,224
1771,232.8
1772,257.6
1773,226.4
1774,200.6
1775,210.4
1776,245.8
1777,242
1778,283.6
1779,264.6
1780,291.6
1781,276.2
1782,312.6
1783,377
1784,385.4
1785,285
1786,290.4
1787,257.4
1788,263.2
1789,224.8
1790,196.4
1791,193.2
1792,201.2
1793,194.8
1794,206.6
1795,217.6
1796,226.2
1797,242.8
1798,309.4
1799,320.8
1800,254.2
1801,268.6
1802,246.8
1803,236
1804,269.2
1805,269
1806,275.8
1807,275.6
1808,248.6
1809,241.4
1810,252.4
1811,403
1812,402
1813,317
1814,428.4
1815,443.6
1816,309
1817,338
1818,340.2
1819,291.2
1820,378.6
1821,300.8
1822,261.2
1823,387.4
1824,286.8
1825,353
1826,366
1827,371
1828,453.2
1829,420.8
1830,393.8
1831,402.2
1832,339.8
1833,356.8
1834,450
1835,369.4
1836,400.2
1837,462.2
1838,392
1839,433
1840,431.2
1841,421.6
1842,353.4
1843,317.8
1844,250.6
1845,216.2
1846,196.6
1847,186.4
1848,204.2
1849,217
1850,199.6
1851,194.8
1852,181.4
1853,203.8
1854,180.4
1855,181.2
1856,208.4
1857,198.8
1858,216.6
1859,254.8
1860,361.8
1861,305
1862,243.2
1863,231.6
1864,280.2
1865,274.8
1866,269.6
1867,271.6
1868,262.6
1869,258.6
1870,248.8
1871,250.2
1872,233.4
1873,224
1874,232.6
1875,213.2
1876,205.2
1877,183.8
1878,193.8
1879,198.8
1880,178.8
1881,178.8
1882,167.8
1883,165.4
1884,174
1885,162.8
1886,174.6
1887,182.8
1888,174.8
1889,168
1890,181.6
1891,179.4
1892,179.4
1893,183
1894,200.8
1895,208.6
1896,209
1897,204.4
1898,184
1899,204
1900,214.6
1901,200.4
1902,207
1903,205.8
1904,223.4
1905,230.2
1906,240.2
1907,226.2
1908,249.4
1909,210.2
1910,216.6
1911,207.4
1912,249.2
1913,227.8
1914,227.8
1915,235.8
1916,211.4
1917,240.4
1918,294
1919,233.4
1920,256.6
1921,238.8
1922,267.6
1923,283.2
1924,257.8
1925,258.2
1926,318.2
1927,408.4
1928,442.6
1929,355.4
1930,363.4
1931,374.8
1932,261.6
1933,260.2
1934,247
1935,232.2
1936,202.2
1937,239.2
1938,208.2
1939,225.2
1940,222
1941,205.8
1942,206.4
1943,295.6
1944,197.8
1945,210
1946,184.2
1947,196
1948,204.4
1949,203.2
1950,178.6
1951,169.4
1952,192.6
1953,196.2
1954,179.6
1955,195.8
1956,188.2
1957,182.4
1958,175.8
1959,172.2
1960,180
1961,193
1962,167.2
1963,190
1964,182.6
1965,191.4
1966,186
1967,196.2
1968,172.2
1969,197
1970,176.2
1971,198
1972,196
1973,184.6
1974,192.8
1975,197.4
1976,189.6
1977,194.8
1978,209.4
1979,196.4
1980,199.4
1981,240.6
1982,241.4
1983,248
1984,234.8
1985,256.2
1986,218.6
1987,210
1988,251
1989,305.2
1990,376.8
1991,384
1992,255.2
1993,223.6
1994,198.8
1995,266.4
1996,241.4
1997,200.6
1998,186.4
1999,186.4
2000,176.8
2001,174.8
2002,181.6
2003,202.6
2004,194.8
2005,191.4
2006,194.8
2007,198.2
2008,180.6
2009,169
2010,191.2
2011,175.4
2012,203.6
2013,197
2014,182.4
2015,188.6
2016,177.8
2017,179
2018,183.4
2019,185
2020,176.8
2021,180.8
2022,170.8
2023,180.6
2024,192.2
2025,200.6
2026,185.8
2027,198.6
2028,204.4
2029,250.6
2030,271.8
2031,320.8
2032,279.6
2033,311.4
2034,285.8
2035,364.6
2036,321.4
2037,372.8
2038,335.6
2039,276.4
2040,224
2041,215.4
2042,179.8
2043,179.6
2044,183.8
2045,172.2
2046,166.6
2047,164.2
2048,168.8
2049,168.2
2050,172.2
2051,158.6
2052,153.8
2053,176.4
2054,170.4
2055,187.6
2056,155.8
2057,168.6
2058,168.8
2059,164.4
2060,155.8
2061,163
2062,154
2063,166.2
2064,171.4
2065,168
2066,165
2067,143.2
2068,148.4
2069,154
2070,145.4
2071,143.4
2072,151.4
2073,138.6
2074,150
2075,163.6
2076,153.8
2077,159.8
2078,150
2079,162.4
2080,152.8
2081,165.4
2082,152.8
2083,170.2
2084,167.6
2085,157.8
2086,163.2
2087,167
2088,171.2
2089,164.8
2090,170.8
2091,173.2
2092,174
2093,165.4
2094,164.4
2095,160.8
2096,153
2097,152.4
2098,134
2099,133.6
2100,152.2
2101,146.8
2102,135.6
2103,151.6
2104,165.8
2105,151.8
2106,151.2
2107,166.8
2108,154.6
2109,160.8
2110,153.4
2111,150.4
2112,152.4
2113,147.6
2114,146.8
2115,152.2
2116,152
2117,150.4
2118,142.8
2119,157.8
2120,153.2
2121,146
2122,150.4
2123,164.6
2124,156
2125,160.8
2126,159.8
2127,160.2
2128,163.6
2129,148
2130,146
2131,150.2
2132,153.8
2133,150.2
2134,155.2
2135,161
2136,153
2137,158.6
2138,155.6
2139,159.8
2140,159
2141,159.8
2142,159.4
2143,161
2144,159.2
2145,173.6
2146,178.2
2147,179.4
2148,171.6
2149,192.8
2150,203.6
2151,207.6
2152,216
2153,204.6
2154,205.4
2155,195.2
2156,194.6
2157,182.4
2158,171.6
2159,179.6
2160,174
2161,195
2162,207.6
2163,206.8
2164,196
2165,212
2166,203.8
2167,199.4
2168,200.2
2169,215
2170,209.8
2171,215.6
2172,215.6
2173,205.2
2174,219.6
2175,208.4
2176,201.8
2177,208.6
2178,186.4
2179,173
2180,177.6
2181,180.8
2182,174.8
2183,176.2
2184,178.8
2185,171.6
2186,180.2
2187,177
2188,180.8
2189,194.6
2190,179.4
2191,178
2192,176.2
2193,169.6
2194,159.8
2195,165.8
2196,179.8
2197,187.2
2198,195.4
2199,187
2200,178.2
2201,187
2202,190.8
2203,204.6
2204,175.6
2205,187
2206,232
2207,212.4
2208,247.6
2209,360.4
2210,321.2
2211,331.8
2212,324.8
2213,400
2214,361
2215,411.2
2216,316.4
2217,297.2
2218,310.4
2219,244.8
2220,306.2
2221,298.8
2222,275
2223,326
2224,256.8
2225,292
2226,307.4
2227,336.6
2228,396.6
2229,395.2
2230,334.2
2231,398
2232,365
2233,409.2
2234,345.6
2235,320.6
2236,374.2
2237,292.6
2238,311.6
2239,457.4
2240,380.2
2241,387.4
2242,353.8
2243,379.6
2244,379
2245,388.8
2246,383.8
2247,372.6
2248,392.6
2249,295.4
2250,347.6
2251,368
2252,385.6
2253,365.2
2254,383.6
2255,360.2
2256,417
2257,430.2
2258,303.6
2259,253.2
2260,228
2261,294.8
2262,260.6
2263,234.8
2264,236.2
2265,202
2266,194
2267,201.8
2268,193.6
2269,205.4
2270,189
2271,212.2
2272,294.6
2273,255.6
2274,234.4
2275,275.2
2276,319.4
2277,298
2278,281.2
2279,248.6
2280,268.4
2281,244.4
2282,246.8
2283,283
2284,316.4
2285,386.8
2286,409
2287,364
2288,288.6
2289,227.6
2290,277.2
2291,237
2292,238.2
2293,225.8
2294,227.6
2295,241
2296,247
2297,239.8
2298,212.8
2299,192.6
2300,210.8
2301,224.4
2302,204.8
2303,190.2
2304,204.6
2305,205.8
2306,203
2307,210.2
2308,254.4
2309,241
2310,293.4
2311,387.6
2312,217.2
2313,288.2
2314,233.4
2315,284.2
2316,339
2317,430.4
2318,274.8
2319,248
2320,247.6
2321,377.8
2322,337.2
2323,314.8
2324,305.6
2325,243.6
2326,231.2
2327,239.4
2328,215.4
2329,191.4
2330,193.8
2331,183.2
2332,185.6
2333,195.2
2334,180
2335,204.4
2336,179.8
2337,178.4
2338,188.8
2339,202.2
2340,195.8
2341,208
2342,198.8
2343,211
2344,210.6
2345,208.4
2346,241
2347,248.4
2348,248.6
2349,273.6
2350,242
2351,264
2352,249.6
2353,240
2354,268.6
2355,277.6
2356,325.6
2357,344.6
2358,364.8
2359,399.2
2360,365.8
2361,298.2
2362,337
2363,266.2
2364,317.2
2365,299.6
2366,300.4
2367,357.8
2368,345
2369,261.8
2370,255.4
2371,241.6
2372,205.6
2373,203.6
2374,224.4
2375,197.8
2376,229.6
2377,209.4
2378,237
2379,346.8
2380,238.6
2381,250.2
2382,238.4
2383,240.8
2384,258.4
2385,212
2386,239.6
2387,299.2
2388,387.8
2389,406
2390,237.6
2391,303.2
2392,304
2393,281
2394,287.8
2395,263
2396,296.6
2397,267.2
2398,342.4
2399,321.8
2400,360.4
2401,258.4
2402,244.6
2403,241.4
2404,295
2405,247
2406,363.4
2407,273.8
2408,276.8
2409,246
2410,245
2411,267.6
2412,249.4
2413,216
2414,191.6
2415,237.2
2416,284.2
2417,271.8
2418,272.2
2419,296
2420,230.4
2421,240
2422,216.4
2423,261
2424,304.